Filename,ID,Microscope,Objective,Mag,Accession,Ear ,Ear row,Ear position,Spk position,Position type,taxon code,View,Charred?
17308_W11_A_Taes_R1_1of1_Solo_1x1_d_c,17308,Nikon,1x,1,W11,A,R1,Base,1of1,Solo,Taes,d,c
17309_W11_A_Taes_R1_1of1_Solo_1x1_l_c,17309,Nikon,1x,1,W11,A,R1,Base,1of1,Solo,Taes,l,c
17310_W11_A_Taes_R2_1ofq_External_1x1_d_c,17310,Nikon,1x,1,W11,A,R2,Base,1ofq,External,Taes,d,c
17311_W11_A_Taes_R2_1ofq_External_1x1_l_c,17311,Nikon,1x,1,W11,A,R2,Base,1ofq,External,Taes,l,c
17312_W11_A_Taes_R3_1ofq_External_1x1_d_c,17312,Nikon,1x,1,W11,A,R3,Base,1ofq,External,Taes,d,c
17313_W11_A_Taes_R3_1ofq_External_1x1_l_c,17313,Nikon,1x,1,W11,A,R3,Base,1ofq,External,Taes,l,c
17314_W11_A_Taes_R8_1of3_External_1x1_d_c,17314,Nikon,1x,1,W11,A,R8,Mid,1of3,External,Taes,d,c
17315_W11_A_Taes_R8_1of3_External_1x1_l_c,17315,Nikon,1x,1,W11,A,R8,Mid,1of3,External,Taes,l,c
17316_W11_A_Taes_R8_2of3_Internal_1x1_d_c,17316,Nikon,1x,1,W11,A,R8,Mid,2of3,Internal,Taes,d,c
17317_W11_A_Taes_R8_2of3_Internal_1x1_l_c,17317,Nikon,1x,1,W11,A,R8,Mid,2of3,Internal,Taes,l,c
17318_W11_A_Taes_R8_3of3_External_1x1_d_c,17318,Nikon,1x,1,W11,A,R8,Mid,3of3,External,Taes,d,c
17319_W11_A_Taes_R8_3of3_External_1x1_l_c,17319,Nikon,1x,1,W11,A,R8,Mid,3of3,External,Taes,l,c
17320_W11_A_Taes_R13_1of2_External_1x1_d_c,17320,Nikon,1x,1,W11,A,R13,Top,1of2,External,Taes,d,c
17321_W11_A_Taes_R13_1of2_External_1x1_l_c,17321,Nikon,1x,1,W11,A,R13,Top,1of2,External,Taes,l,c
17322_W11_A_Taes_R14_1of2_External_1x1_d_c,17322,Nikon,1x,1,W11,A,R14,Top,1of2,External,Taes,d,c
17323_W11_A_Taes_R14_1of2_External_1x1_l_c,17323,Nikon,1x,1,W11,A,R14,Top,1of2,External,Taes,l,c
17324_W11_A_Taes_R14_2of2_External_1x1_d_c,17324,Nikon,1x,1,W11,A,R14,Top,2of2,External,Taes,d,c
17325_W11_A_Taes_R14_2of2_External_1x1_l_c,17325,Nikon,1x,1,W11,A,R14,Top,2of2,External,Taes,l,c
17326_W11_B_Taes_R1_1of1_Solo_1x1_d_c,17326,Nikon,1x,1,W11,B,R1,Base,1of1,Solo,Taes,d,c
17327_W11_B_Taes_R1_1of1_Solo_1x1_l_c,17327,Nikon,1x,1,W11,B,R1,Base,1of1,Solo,Taes,l,c
17328_W11_B_Taes_R2_1of2_External_1x1_d_c,17328,Nikon,1x,1,W11,B,R2,Base,1of2,External,Taes,d,c
17329_W11_B_Taes_R2_1of2_External_1x1_l_c,17329,Nikon,1x,1,W11,B,R2,Base,1of2,External,Taes,l,c
17330_W11_B_Taes_R3_1of2_External_1x1_d_c,17330,Nikon,1x,1,W11,B,R3,Base,1of2,External,Taes,d,c
17331_W11_B_Taes_R3_1of2_External_1x1_l_c,17331,Nikon,1x,1,W11,B,R3,Base,1of2,External,Taes,l,c
17332_W11_B_Taes_R8_1of2_External_1x1_d_c,17332,Nikon,1x,1,W11,B,R8,Mid,1of2,External,Taes,d,c
17333_W11_B_Taes_R8_1of2_External_1x1_l_c,17333,Nikon,1x,1,W11,B,R8,Mid,1of2,External,Taes,l,c
17334_W11_B_Taes_R8_2of2_External_1x1_d_c,17334,Nikon,1x,1,W11,B,R8,Mid,2of2,External,Taes,d,c
17335_W11_B_Taes_R8_2of2_External_1x1_l_c,17335,Nikon,1x,1,W11,B,R8,Mid,2of2,External,Taes,l,c
17336_W11_B_Taes_R9_2of2_External_1x1_d_c,17336,Nikon,1x,1,W11,B,R9,Mid,2of2,External,Taes,d,c
17337_W11_B_Taes_R9_2of2_External_1x1_l_c,17337,Nikon,1x,1,W11,B,R9,Mid,2of2,External,Taes,l,c
17338_W11_B_Taes_R14_1of2_External_1x1_d_c,17338,Nikon,1x,1,W11,B,R14,Top,1of2,External,Taes,d,c
17339_W11_B_Taes_R14_1of2_External_1x1_l_c,17339,Nikon,1x,1,W11,B,R14,Top,1of2,External,Taes,l,c
17340_W11_B_Taes_R14_2of2_External_1x1_d_c,17340,Nikon,1x,1,W11,B,R14,Top,2of2,External,Taes,d,c
17341_W11_B_Taes_R14_2of2_External_1x1_l_c,17341,Nikon,1x,1,W11,B,R14,Top,2of2,External,Taes,l,c
17342_W11_B_Taes_R15_1of1_Solo_1x1_d_c,17342,Nikon,1x,1,W11,B,R15,Top,1of1,Solo,Taes,d,c
17343_W11_B_Taes_R15_1of1_Solo_1x1_l_c,17343,Nikon,1x,1,W11,B,R15,Top,1of1,Solo,Taes,l,c
17344_W11_C_Taes_R1_1of3_External_1x1_d_c,17344,Nikon,1x,1,W11,C,R1,Base,1of3,External,Taes,d,c
17345_W11_C_Taes_R1_1of3_External_1x1_l_c,17345,Nikon,1x,1,W11,C,R1,Base,1of3,External,Taes,l,c
17346_W11_C_Taes_R1_2of3_Internal_1x1_d_c,17346,Nikon,1x,1,W11,C,R1,Base,2of3,Internal,Taes,d,c
17347_W11_C_Taes_R1_2of3_Internal_1x1_l_c,17347,Nikon,1x,1,W11,C,R1,Base,2of3,Internal,Taes,l,c
17348_W11_C_Taes_R1_3of3_External_1x1_d_c,17348,Nikon,1x,1,W11,C,R1,Base,3of3,External,Taes,d,c
17349_W11_C_Taes_R1_3of3_External_1x1_l_c,17349,Nikon,1x,1,W11,C,R1,Base,3of3,External,Taes,l,c
17350_W11_C_Taes_R6_1of3_External_1x1_d_c,17350,Nikon,1x,1,W11,C,R6,Mid,1of3,External,Taes,d,c
17351_W11_C_Taes_R6_1of3_External_1x1_l_c,17351,Nikon,1x,1,W11,C,R6,Mid,1of3,External,Taes,l,c
17352_W11_C_Taes_R6_2of3_Internal_1x1_d_c,17352,Nikon,1x,1,W11,C,R6,Mid,2of3,Internal,Taes,d,c
17353_W11_C_Taes_R6_2of3_Internal_1x1_l_c,17353,Nikon,1x,1,W11,C,R6,Mid,2of3,Internal,Taes,l,c
17354_W11_C_Taes_R6_3of3_External_1x1_d_c,17354,Nikon,1x,1,W11,C,R6,Mid,3of3,External,Taes,d,c
17355_W11_C_Taes_R6_3of3_External_1x1_l_c,17355,Nikon,1x,1,W11,C,R6,Mid,3of3,External,Taes,l,c
17356_W11_C_Taes_R13_1of3_External_1x1_d_c,17356,Nikon,1x,1,W11,C,R13,Top,1of3,External,Taes,d,c
17357_W11_C_Taes_R13_1of3_External_1x1_l_c,17357,Nikon,1x,1,W11,C,R13,Top,1of3,External,Taes,l,c
17358_W11_C_Taes_R13_2of3_Internal_1x1_d_c,17358,Nikon,1x,1,W11,C,R13,Top,2of3,Internal,Taes,d,c
17359_W11_C_Taes_R13_2of3_Internal_1x1_l_c,17359,Nikon,1x,1,W11,C,R13,Top,2of3,Internal,Taes,l,c
17360_W11_C_Taes_R13_3of3_External_1x1_d_c,17360,Nikon,1x,1,W11,C,R13,Top,3of3,External,Taes,d,c
17361_W11_C_Taes_R13_3of3_External_1x1_l_c,17361,Nikon,1x,1,W11,C,R13,Top,3of3,External,Taes,l,c
17544_TRI29935_A_Taes_R1_1of3_External_1x1_d_uc,17544,Nikon,1x,1,TRI29935,A,R1,Base,1of3,External,Taes,d,c
17545_TRI29935_A_Taes_R1_1of3_External_1x1_l_c,17545,Nikon,1x,1,TRI29935,A,R1,Base,1of3,External,Taes,l,c
17546_TRI29935_A_Taes_R1_2of3_Internal_1x1_d_c,17546,Nikon,1x,1,TRI29935,A,R1,Base,2of3,Internal,Taes,d,c
17547_TRI29935_A_Taes_R1_2of3_Internal_1x1_l_c,17547,Nikon,1x,1,TRI29935,A,R1,Base,2of3,Internal,Taes,l,c
17548_TRI29935_A_Taes_R2_1of3_External_1x1_d_c,17548,Nikon,1x,1,TRI29935,A,R2,Base,1of3,External,Taes,d,c
17549_TRI29935_A_Taes_R2_1of3_External_1x1_l_c,17549,Nikon,1x,1,TRI29935,A,R2,Base,1of3,External,Taes,l,c
17550_TRI29935_A_Taes_R8_1of3_External_1x1_d_c,17550,Nikon,1x,1,TRI29935,A,R8,Mid,1of3,External,Taes,d,c
17551_TRI29935_A_Taes_R8_1of3_External_1x1_l_c,17551,Nikon,1x,1,TRI29935,A,R8,Mid,1of3,External,Taes,l,c
17552_TRI29935_A_Taes_R8_2of3_Internal_1x1_d_c,17552,Nikon,1x,1,TRI29935,A,R8,Mid,2of3,Internal,Taes,d,c
17553_TRI29935_A_Taes_R8_2of3_Internal_1x1_l_c,17553,Nikon,1x,1,TRI29935,A,R8,Mid,2of3,Internal,Taes,l,c
17554_TRI29935_A_Taes_R9_3of3_External_1x1_d_c,17554,Nikon,1x,1,TRI29935,A,R9,Mid,3of3,External,Taes,d,c
17555_TRI29935_A_Taes_R9_3of3_External_1x1_l_c,17555,Nikon,1x,1,TRI29935,A,R9,Mid,3of3,External,Taes,l,c
17556_TRI29935_A_Taes_R14_1of1_Solo_1x1_d_c,17556,Nikon,1x,1,TRI29935,A,R14,Top,1of1,Solo,Taes,d,c
17557_TRI29935_A_Taes_R14_1of1_Solo_1x1_l_c,17557,Nikon,1x,1,TRI29935,A,R14,Top,1of1,Solo,Taes,l,c
17558_TRI29935_A_Taes_R15_1of2_External_1x1_d_c,17558,Nikon,1x,1,TRI29935,A,R15,Top,1of2,External,Taes,d,c
17559_TRI29935_A_Taes_R15_1of2_External_1x1_l_c,17559,Nikon,1x,1,TRI29935,A,R15,Top,1of2,External,Taes,l,c
17560_TRI29935_A_Taes_R15_2of2_External_1x1_d_c,17560,Nikon,1x,1,TRI29935,A,R15,Top,2of2,External,Taes,d,c
17561_TRI29935_A_Taes_R15_2of2_External_1x1_l_c,17561,Nikon,1x,1,TRI29935,A,R15,Top,2of2,External,Taes,l,c
17562_TRI29935_B_Taes_R1_1of3_External_1x1_d_c,17562,Nikon,1x,1,TRI29935,B,R1,Base,1of3,External,Taes,d,c
17563_TRI29935_B_Taes_R1_1of3_External_1x1_l_c,17563,Nikon,1x,1,TRI29935,B,R1,Base,1of3,External,Taes,l,c
17564_TRI29935_B_Taes_R1_2of3_Internal_1x1_d_c,17564,Nikon,1x,1,TRI29935,B,R1,Base,2of3,Internal,Taes,d,c
17565_TRI29935_B_Taes_R1_2of3_Internal_1x1_l_c,17565,Nikon,1x,1,TRI29935,B,R1,Base,2of3,Internal,Taes,l,c
17566_TRI29935_B_Taes_R1_3of3_External_1x1_d_c,17566,Nikon,1x,1,TRI29935,B,R1,Base,3of3,External,Taes,d,c
17567_TRI29935_B_Taes_R1_3of3_External_1x1_l_c,17567,Nikon,1x,1,TRI29935,B,R1,Base,3of3,External,Taes,l,c
17568_TRI29935_B_Taes_R10_2of4_Internal_1x1_d_c,17568,Nikon,1x,1,TRI29935,B,R10,Mid,2of4,Internal,Taes,d,c
17569_TRI29935_B_Taes_R10_2of4_Internal_1x1_l_c,17569,Nikon,1x,1,TRI29935,B,R10,Mid,2of4,Internal,Taes,l,c
17570_TRI29935_B_Taes_R10_3of4_Internal_1x1_d_c,17570,Nikon,1x,1,TRI29935,B,R10,Mid,3of4,Internal,Taes,d,c
17571_TRI29935_B_Taes_R10_3of4_Internal_1x1_l_c,17571,Nikon,1x,1,TRI29935,B,R10,Mid,3of4,Internal,Taes,l,c
17572_TRI29935_B_Taes_R10_4of4_External_1x1_d_c,17572,Nikon,1x,1,TRI29935,B,R10,Mid,4of4,External,Taes,d,c
17573_TRI29935_B_Taes_R10_4of4_External_1x1_l_c,17573,Nikon,1x,1,TRI29935,B,R10,Mid,4of4,External,Taes,l,c
17574_TRI29935_B_Taes_R18_2of3_Internal_1x1_d_c,17574,Nikon,1x,1,TRI29935,B,R18,Top,2of3,Internal,Taes,d,c
17575_TRI29935_B_Taes_R18_2of3_Internal_1x1_l_c,17575,Nikon,1x,1,TRI29935,B,R18,Top,2of3,Internal,Taes,l,c
17576_TRI29935_B_Taes_R19_1of2_External_1x1_d_c,17576,Nikon,1x,1,TRI29935,B,R19,Top,1of2,External,Taes,d,c
17577_TRI29935_B_Taes_R19_1of2_External_1x1_l_c,17577,Nikon,1x,1,TRI29935,B,R19,Top,1of2,External,Taes,l,c
17578_TRI29935_B_Taes_R19_2of2_External_1x1_d_c,17578,Nikon,1x,1,TRI29935,B,R19,Top,2of2,External,Taes,d,c
17579_TRI29935_B_Taes_R19_2of2_External_1x1_l_c,17579,Nikon,1x,1,TRI29935,B,R19,Top,2of2,External,Taes,l,c
17580_TRI29935_C_Taes_Georgia_R1_1of2_External_1x1_d_c,17580,Nikon,1x,1,TRI29935,C,R1,Base,1of2,External,Taes,d,c
17581_TRI29935_C_Taes_Georgia_R1_1of2_External_1x1_l_c,17581,Nikon,1x,1,TRI29935,C,R1,Base,1of2,External,Taes,l,c
17582_TRI29935_C_Taes_Georgia_R1_2of2_External_1x1_d_c,17582,Nikon,1x,1,TRI29935,C,R1,Base,2of2,External,Taes,d,c
17583_TRI29935_C_Taes_Georgia_R1_2of2_External_1x1_l_c,17583,Nikon,1x,1,TRI29935,C,R1,Base,2of2,External,Taes,l,c
17584_TRI29935_C_Taes_Georgia_R2_2of3_Internal_1x1_d_c,17584,Nikon,1x,1,TRI29935,C,R2,Base,2of3,Internal,Taes,d,c
17585_TRI29935_C_Taes_Georgia_R2_2of3_Internal_1x1_l_c,17585,Nikon,1x,1,TRI29935,C,R2,Base,2of3,Internal,Taes,l,c
17586_TRI29935_C_Taes_Georgia_R8_1of3_External_1x1_d_c,17586,Nikon,1x,1,TRI29935,C,R8,Mid,1of3,External,Taes,d,c
17587_TRI29935_C_Taes_Georgia_R8_1of3_External_1x1_l_c,17587,Nikon,1x,1,TRI29935,C,R8,Mid,1of3,External,Taes,l,c
17588_TRI29935_C_Taes_Georgia_R8_2of3_Internal_1x1_d_c,17588,Nikon,1x,1,TRI29935,C,R8,Mid,2of3,Internal,Taes,d,c
17589_TRI29935_C_Taes_Georgia_R8_2of3_Internal_1x1_l_c,17589,Nikon,1x,1,TRI29935,C,R8,Mid,2of3,Internal,Taes,l,c
17590_TRI29935_C_Taes_Georgia_R8_3of3_External_1x1_d_c,17590,Nikon,1x,1,TRI29935,C,R8,Mid,3of3,External,Taes,d,c
17591_TRI29935_C_Taes_Georgia_R8_3of3_External_1x1_l_c,17591,Nikon,1x,1,TRI29935,C,R8,Mid,3of3,External,Taes,l,c
17592_TRI29935_C_Taes_Georgia_R13_1of2_External_1x1_d_c,17592,Nikon,1x,1,TRI29935,C,R13,Top,1of2,External,Taes,d,c
17593_TRI29935_C_Taes_Georgia_R13_1of2_External_1x1_l_c,17593,Nikon,1x,1,TRI29935,C,R13,Top,1of2,External,Taes,l,c
17594_TRI29935_C_Taes_Georgia_R14_1of1_Solo_1x1_d_c,17594,Nikon,1x,1,TRI29935,C,R14,Top,1of1,Solo,Taes,d,c
17595_TRI29935_C_Taes_Georgia_R14_1of1_Solo_1x1_l_c,17595,Nikon,1x,1,TRI29935,C,R14,Top,1of1,Solo,Taes,l,c
17596_TRI29935_C_Taes_Georgia_R15_1of1_Solo_1x1_d_c,17596,Nikon,1x,1,TRI29935,C,R15,Top,1of1,Solo,Taes,d,c
17597_TRI29935_C_Taes_Georgia_R15_1of1_Solo_1x1_l_c,17597,Nikon,1x,1,TRI29935,C,R15,Top,1of1,Solo,Taes,l,c
17652_625842_A_Taes_R1_1of2_External_1x1_d_c,17652,Nikon,1x,1,625842,A,R1,Base,1of2,External,Taes,d,c
17653_625842_A_Taes_R1_1of2_External_1x1_l_c,17653,Nikon,1x,1,625842,A,R1,Base,1of2,External,Taes,l,c
17654_625842_A_Taes_R1_2of2_External_1x1_d_c,17654,Nikon,1x,1,625842,A,R1,Base,2of2,External,Taes,d,c
17655_625842_A_Taes_R1_2of2_External_1x1_l_c,17655,Nikon,1x,1,625842,A,R1,Base,2of2,External,Taes,l,c
17656_625842_A_Taes_R2_2of3_Internal_1x1_d_c,17656,Nikon,1x,1,625842,A,R2,Base,2of3,Internal,Taes,d,c
17657_625842_A_Taes_R2_2of3_Internal_1x1_l_c,17657,Nikon,1x,1,625842,A,R2,Base,2of3,Internal,Taes,l,c
17658_625842_A_Taes_R10_1of4_External_1x1_d_c,17658,Nikon,1x,1,625842,A,R10,Mid,1of4,External,Taes,d,c
17659_625842_A_Taes_R10_1of4_External_1x1_l_c,17659,Nikon,1x,1,625842,A,R10,Mid,1of4,External,Taes,l,c
17660_625842_A_Taes_R10_2of4_Internal_1x1_d_c,17660,Nikon,1x,1,625842,A,R10,Mid,2of4,Internal,Taes,d,c
17661_625842_A_Taes_R10_2of4_Internal_1x1_l_c,17661,Nikon,1x,1,625842,A,R10,Mid,2of4,Internal,Taes,l,c
17662_625842_A_Taes_R10_3of4_Internal_1x1_d_c,17662,Nikon,1x,1,625842,A,R10,Mid,3of4,Internal,Taes,d,c
17663_625842_A_Taes_R10_3of4_Internal_1x1_l_c,17663,Nikon,1x,1,625842,A,R10,Mid,3of4,Internal,Taes,l,c
17664_625842_A_Taes_R18_2of2_External_1x1_d_c,17664,Nikon,1x,1,625842,A,R18,Top,2of2,External,Taes,d,c
17665_625842_A_Taes_R18_2of2_External_1x1_l_c,17665,Nikon,1x,1,625842,A,R18,Top,2of2,External,Taes,l,c
17666_625842_A_Taes_R19_1of2_External_1x1_d_c,17666,Nikon,1x,1,625842,A,R19,Top,1of2,External,Taes,d,c
17667_625842_A_Taes_R19_1of2_External_1x1_l_c,17667,Nikon,1x,1,625842,A,R19,Top,1of2,External,Taes,l,c
17668_625842_A_Taes_R19_2of2_External_1x1_d_c,17668,Nikon,1x,1,625842,A,R19,Top,2of2,External,Taes,d,c
17669_625842_A_Taes_R19_2of2_External_1x1_l_c,17669,Nikon,1x,1,625842,A,R19,Top,2of2,External,Taes,l,c
17670_625842_B_Taes_R1_1of3_External_1x1_d_c,17670,Nikon,1x,1,625842,B,R1,Base,1of3,External,Taes,d,c
17671_625842_B_Taes_R1_1of3_External_1x1_l_c,17671,Nikon,1x,1,625842,B,R1,Base,1of3,External,Taes,l,c
17672_625842_B_Taes_R1_2of3_Internal_1x1_d_c,17672,Nikon,1x,1,625842,B,R1,Base,2of3,Internal,Taes,d,c
17673_625842_B_Taes_R1_2of3_Internal_1x1_l_c,17673,Nikon,1x,1,625842,B,R1,Base,2of3,Internal,Taes,l,c
17674_625842_B_Taes_R1_3of3_External_1x1_d_c,17674,Nikon,1x,1,625842,B,R1,Base,3of3,External,Taes,d,c
17675_625842_B_Taes_R1_3of3_External_1x1_l_c,17675,Nikon,1x,1,625842,B,R1,Base,3of3,External,Taes,l,c
17676_625842_B_Taes_R10_1of4_External_1x1_d_c,17676,Nikon,1x,1,625842,B,R10,Mid,1of4,External,Taes,d,c
17677_625842_B_Taes_R10_1of4_External_1x1_l_c,17677,Nikon,1x,1,625842,B,R10,Mid,1of4,External,Taes,l,c
17678_625842_B_Taes_R10_2of4_Internal_1x1_d_c,17678,Nikon,1x,1,625842,B,R10,Mid,2of4,Internal,Taes,d,c
17679_625842_B_Taes_R10_2of4_Internal_1x1_l_c,17679,Nikon,1x,1,625842,B,R10,Mid,2of4,Internal,Taes,l,c
17680_625842_B_Taes_R10_4of4_External_1x1_d_c,17680,Nikon,1x,1,625842,B,R10,Mid,4of4,External,Taes,d,c
17681_625842_B_Taes_R10_4of4_External_1x1_l_c,17681,Nikon,1x,1,625842,B,R10,Mid,4of4,External,Taes,l,c
17682_625842_B_Taes_R16_2of3_Internal_1x1_d_c,17682,Nikon,1x,1,625842,B,R16,Top,2of3,Internal,Taes,d,c
17683_625842_B_Taes_R16_2of3_Internal_1x1_l_c,17683,Nikon,1x,1,625842,B,R16,Top,2of3,Internal,Taes,l,c
17684_625842_B_Taes_R17_1of2_External_1x1_d_c,17684,Nikon,1x,1,625842,B,R17,Top,1of2,External,Taes,d,c
17685_625842_B_Taes_R17_1of2_External_1x1_l_c,17685,Nikon,1x,1,625842,B,R17,Top,1of2,External,Taes,l,c
17686_625842_B_Taes_R17_2of2_External_1x1_d_c,17686,Nikon,1x,1,625842,B,R17,Top,2of2,External,Taes,d,c
17687_625842_B_Taes_R17_2of2_External_1x1_l_c,17687,Nikon,1x,1,625842,B,R17,Top,2of2,External,Taes,l,c
17688_625842_C_Taes_R1_1of2_External_1x1_d_c,17688,Nikon,1x,1,625842,C,R1,Base,1of2,External,Taes,d,c
17689_625842_C_Taes_R1_1of2_External_1x1_l_c,17689,Nikon,1x,1,625842,C,R1,Base,1of2,External,Taes,l,c
17690_625842_C_Taes_R1_2of2_External_1x1_d_c,17690,Nikon,1x,1,625842,C,R1,Base,2of2,External,Taes,d,c
17691_625842_C_Taes_R1_2of2_External_1x1_l_c,17691,Nikon,1x,1,625842,C,R1,Base,2of2,External,Taes,l,c
17692_625842_C_Taes_R10_1of3_External_1x1_d_c,17692,Nikon,1x,1,625842,C,R10,Mid,1of3,External,Taes,d,c
17693_625842_C_Taes_R10_1of3_External_1x1_l_c,17693,Nikon,1x,1,625842,C,R10,Mid,1of3,External,Taes,l,c
17694_625842_C_Taes_R10_2of3_Internal_1x1_d_c,17694,Nikon,1x,1,625842,C,R10,Mid,2of3,Internal,Taes,d,c
17695_625842_C_Taes_R10_2of3_Internal_1x1_l_c,17695,Nikon,1x,1,625842,C,R10,Mid,2of3,Internal,Taes,l,c
17696_625842_C_Taes_R2_2of2_External_1x1_d_c,17696,Nikon,1x,1,625842,C,R2,Base,2of2,External,Taes,d,c
17697_625842_C_Taes_R2_2of2_External_1x1_l_c,17697,Nikon,1x,1,625842,C,R2,Base,2of2,External,Taes,l,c
17698_625842_C_Taes_R10_3of3_External_1x1_d_c,17698,Nikon,1x,1,625842,C,R10,Mid,3of3,External,Taes,d,c
17699_625842_C_Taes_R10_3of3_External_1x1_l_c,17699,Nikon,1x,1,625842,C,R10,Mid,3of3,External,Taes,l,c
17700_625842_C_Taes_R18_1of2_External_1x1_d_c,17700,Nikon,1x,1,625842,C,R18,Top,1of2,External,Taes,d,c
17701_625842_C_Taes_R18_1of2_External_1x1_l_c,17701,Nikon,1x,1,625842,C,R18,Top,1of2,External,Taes,l,c
17702_625842_C_Taes_R19_1of1_Solo_1x1_d_c,17702,Nikon,1x,1,625842,C,R19,Top,1of1,Solo,Taes,d,c
17703_625842_C_Taes_R19_1of1_Solo_1x1_l_c,17703,Nikon,1x,1,625842,C,R19,Top,1of1,Solo,Taes,l,c
17704_625842_C_Taes_R20_1of1_Solo_1x1_d_c,17704,Nikon,1x,1,625842,C,R20,Top,1of1,Solo,Taes,d,c
17705_625842_C_Taes_R20_1of1_Solo_1x1_l_c,17705,Nikon,1x,1,625842,C,R20,Top,1of1,Solo,Taes,l,c
17778_CGN6554_A_Tdur_R1_1of2_External_1x1_d_c,17778,Nikon,1x,1,CGN6554,A,R1,Base,1of2,External,Tdur,d,c
17779_CGN6554_A_Tdur_R1_1of2_External_1x1_l_c,17779,Nikon,1x,1,CGN6554,A,R1,Base,1of2,External,Tdur,l,c
17780_CGN6554_A_Tdur_R1_2of2_External_1x1_d_c,17780,Nikon,1x,1,CGN6554,A,R1,Base,2of2,External,Tdur,d,c
17781_CGN6554_A_Tdur_R1_2of2_External_1x1_l_c,17781,Nikon,1x,1,CGN6554,A,R1,Base,2of2,External,Tdur,l,c
17782_CGN6554_A_Tdur_R2_1of2_External_1x1_d_c,17782,Nikon,1x,1,CGN6554,A,R2,Base,1of2,External,Tdur,d,c
17783_CGN6554_A_Tdur_R2_1of2_External_1x1_l_c,17783,Nikon,1x,1,CGN6554,A,R2,Base,1of2,External,Tdur,l,c
17784_CGN6554_A_Tdur_R8_1of2_External_1x1_d_c,17784,Nikon,1x,1,CGN6554,A,R8,Mid,1of2,External,Tdur,d,c
17785_CGN6554_A_Tdur_R8_1of2_External_1x1_l_c,17785,Nikon,1x,1,CGN6554,A,R8,Mid,1of2,External,Tdur,l,c
17786_CGN6554_A_Tdur_R8_2of2_External_1x1_d_c,17786,Nikon,1x,1,CGN6554,A,R8,Mid,2of2,External,Tdur,d,c
17787_CGN6554_A_Tdur_R8_2of2_External_1x1_l_c,17787,Nikon,1x,1,CGN6554,A,R8,Mid,2of2,External,Tdur,l,c
17788_CGN6554_A_Tdur_R9_2of2_External_1x1_d_c,17788,Nikon,1x,1,CGN6554,A,R9,Mid,2of2,External,Tdur,d,c
17789_CGN6554_A_Tdur_R9_2of2_External_1x1_l_c,17789,Nikon,1x,1,CGN6554,A,R9,Mid,2of2,External,Tdur,l,c
17790_CGN6554_A_Tdur_R13_1of2_External_1x1_d_c,17790,Nikon,1x,1,CGN6554,A,R13,Top,1of2,External,Tdur,d,c
17791_CGN6554_A_Tdur_R13_1of2_External_1x1_l_c,17791,Nikon,1x,1,CGN6554,A,R13,Top,1of2,External,Tdur,l,c
17792_CGN6554_A_Tdur_R14_1of1_Solo_1x1_d_c,17792,Nikon,1x,1,CGN6554,A,R14,Top,1of1,Solo,Tdur,d,c
17793_CGN6554_A_Tdur_R14_1of1_Solo_1x1_l_c,17793,Nikon,1x,1,CGN6554,A,R14,Top,1of1,Solo,Tdur,l,c
17794_CGN6554_A_Tdur_R15_1of1_Solo_1x1_d_c,17794,Nikon,1x,1,CGN6554,A,R15,Top,1of1,Solo,Tdur,d,c
17795_CGN6554_A_Tdur_R15_1of1_Solo_1x1_l_c,17795,Nikon,1x,1,CGN6554,A,R15,Top,1of1,Solo,Tdur,l,c
17796_CGN6554_B_Tdur_R1_1of3_External_1x1_d_c,17796,Nikon,1x,1,CGN6554,B,R1,Base,1of3,External,Tdur,d,c
17797_CGN6554_B_Tdur_R1_1of3_External_1x1_l_c,17797,Nikon,1x,1,CGN6554,B,R1,Base,1of3,External,Tdur,l,c
17798_CGN6554_B_Tdur_R2_2of3_Internal_1x1_d_c,17798,Nikon,1x,1,CGN6554,B,R2,Base,2of3,Internal,Tdur,d,c
17799_CGN6554_B_Tdur_R2_2of3_Internal_1x1_l_c,17799,Nikon,1x,1,CGN6554,B,R2,Base,2of3,Internal,Tdur,l,c
17800_CGN6554_B_Tdur_R2_3of3_External_1x1_d_c,17800,Nikon,1x,1,CGN6554,B,R2,Base,3of3,External,Tdur,d,c
17801_CGN6554_B_Tdur_R2_3of3_External_1x1_l_c,17801,Nikon,1x,1,CGN6554,B,R2,Base,3of3,External,Tdur,l,c
17802_CGN6554_B_Tdur_R8_1of3_External_1x1_d_c,17802,Nikon,1x,1,CGN6554,B,R8,Mid,1of3,External,Tdur,d,c
17803_CGN6554_B_Tdur_R8_1of3_External_1x1_l_c,17803,Nikon,1x,1,CGN6554,B,R8,Mid,1of3,External,Tdur,l,c
17804_CGN6554_B_Tdur_R8_2of3_Internal_1x1_d_c,17804,Nikon,1x,1,CGN6554,B,R8,Mid,2of3,Internal,Tdur,d,c
17805_CGN6554_B_Tdur_R8_2of3_Internal_1x1_l_c,17805,Nikon,1x,1,CGN6554,B,R8,Mid,2of3,Internal,Tdur,l,c
17806_CGN6554_B_Tdur_R8_3of3_External_1x1_d_c,17806,Nikon,1x,1,CGN6554,B,R8,Mid,3of3,External,Tdur,d,c
17807_CGN6554_B_Tdur_R8_3of3_External_1x1_l_c,17807,Nikon,1x,1,CGN6554,B,R8,Mid,3of3,External,Tdur,l,c
17808_CGN6554_B_Tdur_R14_1of2_External_1x1_d_c,17808,Nikon,1x,1,CGN6554,B,R14,Top,1of2,External,Tdur,d,c
17809_CGN6554_B_Tdur_R14_1of2_External_1x1_l_c,17809,Nikon,1x,1,CGN6554,B,R14,Top,1of2,External,Tdur,l,c
17810_CGN6554_B_Tdur_R14_2of2_External_1x1_d_c,17810,Nikon,1x,1,CGN6554,B,R14,Top,2of2,External,Tdur,d,c
17811_CGN6554_B_Tdur_R14_2of2_External_1x1_l_c,17811,Nikon,1x,1,CGN6554,B,R14,Top,2of2,External,Tdur,l,c
17812_CGN6554_B_Tdur_R15_3of3_External_1x1_d_c,17812,Nikon,1x,1,CGN6554,B,R15,Top,3of3,External,Tdur,d,c
17813_CGN6554_B_Tdur_R15_3of3_External_1x1_l_c,17813,Nikon,1x,1,CGN6554,B,R15,Top,3of3,External,Tdur,l,c
17814_CGN6554_C_Tdur_R1_1of2_External_1x1_d_c,17814,Nikon,1x,1,CGN6554,C,R1,Base,1of2,External,Tdur,d,c
17815_CGN6554_C_Tdur_R1_1of2_External_1x1_l_c,17815,Nikon,1x,1,CGN6554,C,R1,Base,1of2,External,Tdur,l,c
17816_CGN6554_C_Tdur_R1_2of2_External_1x1_d_c,17816,Nikon,1x,1,CGN6554,C,R1,Base,2of2,External,Tdur,d,c
17817_CGN6554_C_Tdur_R1_2of2_External_1x1_l_c,17817,Nikon,1x,1,CGN6554,C,R1,Base,2of2,External,Tdur,l,c
17818_CGN6554_C_Tdur_R2_1of2_External_1x1_d_c,17818,Nikon,1x,1,CGN6554,C,R2,Base,1of2,External,Tdur,d,c
17819_CGN6554_C_Tdur_R2_1of2_External_1x1_l_c,17819,Nikon,1x,1,CGN6554,C,R2,Base,1of2,External,Tdur,l,c
17820_CGN6554_C_Tdur_R8_1of3_External_1x1_d_c,17820,Nikon,1x,1,CGN6554,C,R8,Mid,1of3,External,Tdur,d,c
17821_CGN6554_C_Tdur_R8_1of3_External_1x1_l_c,17821,Nikon,1x,1,CGN6554,C,R8,Mid,1of3,External,Tdur,l,c
17822_CGN6554_C_Tdur_R8_2of3_Internal_1x1_d_c,17822,Nikon,1x,1,CGN6554,C,R8,Mid,2of3,Internal,Tdur,d,c
17823_CGN6554_C_Tdur_R8_2of3_Internal_1x1_l_c,17823,Nikon,1x,1,CGN6554,C,R8,Mid,2of3,Internal,Tdur,l,c
17824_CGN6554_C_Tdur_R8_3of3_External_1x1_d_c,17824,Nikon,1x,1,CGN6554,C,R8,Mid,3of3,External,Tdur,d,c
17825_CGN6554_C_Tdur_R8_3of3_External_1x1_l_c,17825,Nikon,1x,1,CGN6554,C,R8,Mid,3of3,External,Tdur,l,c
17826_CGN6554_C_Tdur_R12_1of2_External_1x1_d_c,17826,Nikon,1x,1,CGN6554,C,R12,Top,1of2,External,Tdur,d,c
17827_CGN6554_C_Tdur_R12_1of2_External_1x1_l_c,17827,Nikon,1x,1,CGN6554,C,R12,Top,1of2,External,Tdur,l,c
17828_CGN6554_C_Tdur_R13_1of2_External_1x1_d_c,17828,Nikon,1x,1,CGN6554,C,R13,Top,1of2,External,Tdur,d,c
17829_CGN6554_C_Tdur_R13_1of2_External_1x1_l_c,17829,Nikon,1x,1,CGN6554,C,R13,Top,1of2,External,Tdur,l,c
17830_CGN6554_C_Tdur_R13_2of2_External_1x1_d_c,17830,Nikon,1x,1,CGN6554,C,R13,Top,2of2,External,Tdur,d,c
17831_CGN6554_C_Tdur_R13_2of2_External_1x1_l_c,17831,Nikon,1x,1,CGN6554,C,R13,Top,2of2,External,Tdur,l,c
2191_190157_A_R1_1of4_Tturg_1x1_d_c,2191,Nikon,1x,1,190157,A,R1,Base,1of4,External,Tturg,d,c
2192_190157_A_R1_1of4_Tturg_1x1_l_c,2192,Nikon,1x,1,190157,A,R1,Base,1of4,External,Tturg,l,c
2194_190157_A_R1_2of4_Tturg_1x1_d_c,2194,Nikon,1x,1,190157,A,R1,Base,2of4,Internal,Tturg,d,c
2195_190157_A_R1_2of4_Tturg_1x1_l_c,2195,Nikon,1x,1,190157,A,R1,Base,2of4,Internal,Tturg,l,c
2197_190157_A_R1_3of4_Tturg_1x1_d_c,2197,Nikon,1x,1,190157,A,R1,Base,3of4,Internal,Tturg,d,c
2198_190157_A_R1_3of4_Tturg_1x1_l_c,2198,Nikon,1x,1,190157,A,R1,Base,3of4,Internal,Tturg,l,c
2200_190157_A_R11_1of4_Tturg_1x1_d_c,2200,Nikon,1x,1,190157,A,R11,Mid,1of4,External,Tturg,d,c
2201_190157_A_R11_1of4_Tturg_1x1_l_c,2201,Nikon,1x,1,190157,A,R11,Mid,1of4,External,Tturg,l,c
2203_190157_A_R11_2of4_Tturg_1x1_d_c,2203,Nikon,1x,1,190157,A,R11,Mid,2of4,Internal,Tturg,d,c
2204_190157_A_R11_2of4_Tturg_1x1_l_c,2204,Nikon,1x,1,190157,A,R11,Mid,2of4,Internal,Tturg,l,c
2206_190157_A_R12_1of4_Tturg_1x1_d_c,2206,Nikon,1x,1,190157,A,R12,Mid,1of4,External,Tturg,d,c
2207_190157_A_R12_1of4_Tturg_1x1_l_c,2207,Nikon,1x,1,190157,A,R12,Mid,1of4,External,Tturg,l,c
2209_190157_A_R20_1of2_Tturg_1x1_d_c,2209,Nikon,1x,1,190157,A,R20,Top,1of2,External,Tturg,d,c
2210_190157_A_R20_1of2_Tturg_1x1_l_c,2210,Nikon,1x,1,190157,A,R20,Top,1of2,External,Tturg,l,c
2212_190157_A_R21_1of1_Tturg_1x1_d_c,2212,Nikon,1x,1,190157,A,R21,Top,1of1,Solo,Tturg,d,c
2213_190157_A_R21_1of1_Tturg_1x1_l_c,2213,Nikon,1x,1,190157,A,R21,Top,1of1,Solo,Tturg,l,c
2215_190157_A_R22_1of1_Tturg_1x1_d_c,2215,Nikon,1x,1,190157,A,R22,Top,1of1,Solo,Tturg,d,c
2216_190157_A_R22_1of1_Tturg_1x1_l_c,2216,Nikon,1x,1,190157,A,R22,Top,1of1,Solo,Tturg,l,c
2218_190157_B_R1_1of2_Tturg_1x1_d_c,2218,Nikon,1x,1,190157,B,R1,Base,1of2,External,Tturg,d,c
2219_190157_B_R1_1of2_Tturg_1x1_l_c,2219,Nikon,1x,1,190157,B,R1,Base,1of2,External,Tturg,l,c
2221_190157_B_R1_2of2_Tturg_1x1_d_c,2221,Nikon,1x,1,190157,B,R1,Base,2of2,External,Tturg,d,c
2222_190157_B_R1_2of2_Tturg_1x1_l_c,2222,Nikon,1x,1,190157,B,R1,Base,2of2,External,Tturg,l,c
2224_190157_B_R2_1of2_Tturg_1x1_d_c,2224,Nikon,1x,1,190157,B,R2,Base,1of2,External,Tturg,d,c
2225_190157_B_R2_1of2_Tturg_1x1_l_c,2225,Nikon,1x,1,190157,B,R2,Base,1of2,External,Tturg,l,c
2227_190157_B_R12_4of6_Tturg_1x1_d_c,2227,Nikon,1x,1,190157,B,R12,Mid,4of6,Internal,Tturg,d,c
2228_190157_B_R12_4of6_Tturg_1x1_l_c,2228,Nikon,1x,1,190157,B,R12,Mid,4of6,Internal,Tturg,l,c
2230_190157_B_R12_5of6_Tturg_1x1_d_c,2230,Nikon,1x,1,190157,B,R12,Mid,5of6,Internal,Tturg,d,c
2231_190157_B_R12_5of6_Tturg_1x1_l_c,2231,Nikon,1x,1,190157,B,R12,Mid,5of6,Internal,Tturg,l,c
2233_190157_B_R12_6of6_Tturg_1x1_d_c,2233,Nikon,1x,1,190157,B,R12,Mid,6of6,External,Tturg,d,c
2234_190157_B_R12_6of6_Tturg_1x1_l_c,2234,Nikon,1x,1,190157,B,R12,Mid,6of6,External,Tturg,l,c
2236_190157_B_R22_1of2_Tturg_1x1_d_c,2236,Nikon,1x,1,190157,B,R22,Top,1of2,External,Tturg,d,c
2237_190157_B_R22_1of2_Tturg_1x1_l_c,2237,Nikon,1x,1,190157,B,R22,Top,1of2,External,Tturg,l,c
2239_190157_B_R22_2of2_Tturg_1x1_d_c,2239,Nikon,1x,1,190157,B,R22,Top,2of2,External,Tturg,d,c
2240_190157_B_R22_2of2_Tturg_1x1_l_c,2240,Nikon,1x,1,190157,B,R22,Top,2of2,External,Tturg,l,c
2242_190157_B_R23_1of1_Tturg_1x1_d_c,2242,Nikon,1x,1,190157,B,R23,Top,1of1,Solo,Tturg,d,c
2243_190157_B_R23_1of1_Tturg_1x1_l_c,2243,Nikon,1x,1,190157,B,R23,Top,1of1,Solo,Tturg,l,c
2245_190157_C_R2_1of2_Tturg_1x1_d_c,2245,Nikon,1x,1,190157,C,R2,Base,1of2,External,Tturg,d,c
2246_190157_C_R2_1of2_Tturg_1x1_l_c,2246,Nikon,1x,1,190157,C,R2,Base,1of2,External,Tturg,l,c
2248_190157_C_R2_2of2_Tturg_1x1_d_c,2248,Nikon,1x,1,190157,C,R2,Base,2of2,External,Tturg,d,c
2249_190157_C_R2_2of2_Tturg_1x1_l_c,2249,Nikon,1x,1,190157,C,R2,Base,2of2,External,Tturg,l,c
2251_190157_C_R3_4of5_Tturg_1x1_d_c,2251,Nikon,1x,1,190157,C,R3,Base,4of5,Internal,Tturg,d,c
2252_190157_C_R3_4of5_Tturg_1x1_l_c,2252,Nikon,1x,1,190157,C,R3,Base,4of5,Internal,Tturg,l,c
2254_190157_C_R8_1of6_Tturg_1x1_d_c,2254,Nikon,1x,1,190157,C,R8,Mid,1of6,External,Tturg,d,c
2255_190157_C_R8_1of6_Tturg_1x1_l_c,2255,Nikon,1x,1,190157,C,R8,Mid,1of6,External,Tturg,l,c
2257_190157_C_R8_2of6_Tturg_1x1_d_c,2257,Nikon,1x,1,190157,C,R8,Mid,2of6,Internal,Tturg,d,c
2258_190157_C_R8_2of6_Tturg_1x1_l_c,2258,Nikon,1x,1,190157,C,R8,Mid,2of6,Internal,Tturg,l,c
2260_190157_C_R8_5of6_Tturg_1x1_d_c,2260,Nikon,1x,1,190157,C,R8,Mid,5of6,Internal,Tturg,d,c
2261_190157_C_R8_5of6_Tturg_1x1_l_c,2261,Nikon,1x,1,190157,C,R8,Mid,5of6,Internal,Tturg,l,c
2263_190157_C_R13_1of2_Tturg_1x1_d_c,2263,Nikon,1x,1,190157,C,R13,Top,1of2,External,Tturg,d,c
2264_190157_C_R13_1of2_Tturg_1x1_l_c,2264,Nikon,1x,1,190157,C,R13,Top,1of2,External,Tturg,l,c
2266_190157_C_R13_2of2_Tturg_1x1_d_c,2266,Nikon,1x,1,190157,C,R13,Top,2of2,External,Tturg,d,c
2267_190157_C_R13_2of2_Tturg_1x1_l_c,2267,Nikon,1x,1,190157,C,R13,Top,2of2,External,Tturg,l,c
2269_190157_C_R14_1of1_Tturg_1x1_d_c,2269,Nikon,1x,1,190157,C,R14,Top,1of1,Solo,Tturg,d,c
2270_190157_C_R14_1of1_Tturg_1x1_l_c,2270,Nikon,1x,1,190157,C,R14,Top,1of1,Solo,Tturg,l,c
2353_T1200011_A_R1_1of3_Tcom_1x1_d_c,2353,Nikon,1x,1,T1200011,A,R1,,1of3,External,Tcom,d,c
2354_T1200011_A_R1_1of3_Tcom_1x1_l_c,2354,Nikon,1x,1,T1200011,A,R1,,1of3,External,Tcom,l,c
2356_T1200011_A_R1_2of3_Tcom_1x1_d_c,2356,Nikon,1x,1,T1200011,A,R1,,2of3,Internal,Tcom,d,c
2357_T1200011_A_R1_2of3_Tcom_1x1_l_c,2357,Nikon,1x,1,T1200011,A,R1,,2of3,Internal,Tcom,l,c
2359_T1200011_A_R1_3of3_Tcom_1x1_d_c,2359,Nikon,1x,1,T1200011,A,R1,,3of3,External,Tcom,d,c
2360_T1200011_A_R1_3of3_Tcom_1x1_l_c,2360,Nikon,1x,1,T1200011,A,R1,,3of3,External,Tcom,l,c
2362_T1200011_A_R10_1of4_Tcom_1x1_d_c,2362,Nikon,1x,1,T1200011,A,R10,,1of4,External,Tcom,d,c
2363_T1200011_A_R10_1of4_Tcom_1x1_l_c,2363,Nikon,1x,1,T1200011,A,R10,,1of4,External,Tcom,l,c
2365_T1200011_A_R10_3of4_Tcom_1x1_d_c,2365,Nikon,1x,1,T1200011,A,R10,,3of4,Internal,Tcom,d,c
2366_T1200011_A_R10_3of4_Tcom_1x1_l_c,2366,Nikon,1x,1,T1200011,A,R10,,3of4,Internal,Tcom,l,c
2368_T1200011_A_R10_4of4_Tcom_1x1_d_c,2368,Nikon,1x,1,T1200011,A,R10,,4of4,External,Tcom,d,c
2369_T1200011_A_R10_4of4_Tcom_1x1_l_c,2369,Nikon,1x,1,T1200011,A,R10,,4of4,External,Tcom,l,c
2371_T1200011_A_R19_1of2_Tcom_1x1_d_c,2371,Nikon,1x,1,T1200011,A,R19,,1of2,External,Tcom,d,c
2372_T1200011_A_R19_1of2_Tcom_1x1_l_c,2372,Nikon,1x,1,T1200011,A,R19,,1of2,External,Tcom,l,c
2374_T1200011_A_R19_2of2_Tcom_1x1_d_c,2374,Nikon,1x,1,T1200011,A,R19,,2of2,External,Tcom,d,c
2375_T1200011_A_R19_2of2_Tcom_1x1_l_c,2375,Nikon,1x,1,T1200011,A,R19,,2of2,External,Tcom,l,c
2377_T1200011_A_R20_1of1_Tcom_1x1_d_c,2377,Nikon,1x,1,T1200011,A,R20,,1of1,Solo,Tcom,d,c
2378_T1200011_A_R20_1of1_Tcom_1x1_l_c,2378,Nikon,1x,1,T1200011,A,R20,,1of1,Solo,Tcom,l,c
2461_T1200011_B_R1_1of2_Tcom_1x1_d_c,2461,Nikon,1x,1,T1200011,B,R1,,1of2,External,Tcom,d,c
2462_T1200011_B_R1_1of2_Tcom_1x1_l_c,2462,Nikon,1x,1,T1200011,B,R1,,1of2,External,Tcom,l,c
2464_T1200011_B_R1_2of2_Tcom_1x1_d_c,2464,Nikon,1x,1,T1200011,B,R1,,2of2,External,Tcom,d,c
2465_T1200011_B_R1_2of2_Tcom_1x1_l_c,2465,Nikon,1x,1,T1200011,B,R1,,2of2,External,Tcom,l,c
2467_T1200011_B_R2_2of3_Tcom_1x1_d_c,2467,Nikon,1x,1,T1200011,B,R2,,2of3,Internal,Tcom,d,c
2468_T1200011_B_R2_2of3_Tcom_1x1_l_c,2468,Nikon,1x,1,T1200011,B,R2,,2of3,Internal,Tcom,l,c
2470_T1200011_B_R2_1of4_Tcom_1x1_d_c,2470,Nikon,1x,1,T1200011,B,R11,,1of4,External,Tcom,d,c
2471_T1200011_B_R11_1of4_Tcom_1x1_l_c,2471,Nikon,1x,1,T1200011,B,R11,,1of4,External,Tcom,l,c
2473_T1200011_B_R11_2of4_Tcom_1x1_d_c,2473,Nikon,1x,1,T1200011,B,R11,,2of4,Internal,Tcom,d,c
2474_T1200011_B_R11_2of4_Tcom_1x1_l_c,2474,Nikon,1x,1,T1200011,B,R11,,2of4,Internal,Tcom,l,c
2476_T1200011_B_R11_4of4_Tcom_1x1_d_c,2476,Nikon,1x,1,T1200011,B,R11,,4of4,External,Tcom,d,c
2477_T1200011_B_R11_4of4_Tcom_1x1_l_c,2477,Nikon,1x,1,T1200011,B,R11,,4of4,External,Tcom,l,c
2479_T1200011_B_R20_1of2_Tcom_1x1_d_c,2479,Nikon,1x,1,T1200011,B,R20,,1of2,External,Tcom,d,c
2480_T1200011_B_R20_1of2_Tcom_1x1_l_c,2480,Nikon,1x,1,T1200011,B,R20,,1of2,External,Tcom,l,c
2482_T1200011_B_R20_2of2_Tcom_1x1_d_c,2482,Nikon,1x,1,T1200011,B,R20,,2of2,External,Tcom,d,c
2483_T1200011_B_R20_2of2_Tcom_1x1_l_c,2483,Nikon,1x,1,T1200011,B,R20,,2of2,External,Tcom,l,c
2485_T1200011_B_R21_1of1_Tcom_1x1_d_c,2485,Nikon,1x,1,T1200011,B,R21,,1of1,Solo,Tcom,d,c
2486_T1200011_B_R21_1of1_Tcom_1x1_l_c,2486,Nikon,1x,1,T1200011,B,R21,,1of1,Solo,Tcom,l,c
2488_T1200011_C_R1_1of2_Tcom_1x1_d_c,2488,Nikon,1x,1,T1200011,C,R1,,1of2,External,Tcom,d,c
2489_T1200011_C_R1_1of2_Tcom_1x1_l_c,2489,Nikon,1x,1,T1200011,C,R1,,1of2,External,Tcom,l,c
2491_T1200011_C_R1_2of2_Tcom_1x1_d_c,2491,Nikon,1x,1,T1200011,C,R1,,2of2,External,Tcom,d,c
2492_T1200011_C_R1_2of2_Tcom_1x1_l_c,2492,Nikon,1x,1,T1200011,C,R1,,2of2,External,Tcom,l,c
2494_T1200011_C_R2_2of3_Tcom_1x1_d_c,2494,Nikon,1x,1,T1200011,C,R2,,2of3,Internal,Tcom,d,c
2495_T1200011_C_R2_2of3_Tcom_1x1_l_c,2495,Nikon,1x,1,T1200011,C,R2,,2of3,Internal,Tcom,l,c
2497_T1200011_C_R12_1of3_Tcom_1x1_d_c,2497,Nikon,1x,1,T1200011,C,R12,,1of3,External,Tcom,d,c
2498_T1200011_C_R12_1of3_Tcom_1x1_l_c,2498,Nikon,1x,1,T1200011,C,R12,,1of3,External,Tcom,l,c
2500_T1200011_C_R12_2of3_Tcom_1x1_d_c,2500,Nikon,1x,1,T1200011,C,R12,,2of3,Internal,Tcom,d,c
2501_T1200011_C_R12_2of3_Tcom_1x1_l_c,2501,Nikon,1x,1,T1200011,C,R12,,2of3,Internal,Tcom,l,c
2503_T1200011_C_R12_3of3_Tcom_1x1_d_c,2503,Nikon,1x,1,T1200011,C,R12,,3of3,External,Tcom,d,c
2504_T1200011_C_R12_3of3_Tcom_1x1_l_c,2504,Nikon,1x,1,T1200011,C,R12,,3of3,External,Tcom,l,c
2506_T1200011_C_R21_2of2_Tcom_1x1_d_c,2506,Nikon,1x,1,T1200011,C,R21,,2of2,External,Tcom,d,c
2507_T1200011_C_R21_2of2_Tcom_1x1_l_c,2507,Nikon,1x,1,T1200011,C,R21,,2of2,External,Tcom,l,c
2509_T1200011_C_R22_1of1_Tcom_1x1_d_c,2509,Nikon,1x,1,T1200011,C,R22,,1of1,Solo,Tcom,d,c
2510_T1200011_C_R22_1of1_Tcom_1x1_l_c,2510,Nikon,1x,1,T1200011,C,R22,,1of1,Solo,Tcom,l,c
2512_T1200011_C_R23_1of1_Tcom_1x1_d_c,2512,Nikon,1x,1,T1200011,C,R23,,1of1,Solo,Tcom,d,c
2513_T1200011_C_R23_1of1_Tcom_1x1_l_c,2513,Nikon,1x,1,T1200011,C,R23,,1of1,Solo,Tcom,l,c
2515_TRI8005_A_R1_1of3_Tdur_1x1_d_c,2515,Nikon,1x,1,TRI8005,A,R1,Base,1of3,External,Tdur,d,c
2516_TRI8005_A_R1_1of3_Tdur_1x1_l_c,2516,Nikon,1x,1,TRI8005,A,R1,Base,1of3,External,Tdur,l,c
2518_TRI8005_A_R1_2of3_Tdur_1x1_d_c,2518,Nikon,1x,1,TRI8005,A,R1,Base,2of3,Internal,Tdur,d,c
2519_TRI8005_A_R1_2of3_Tdur_1x1_l_c,2519,Nikon,1x,1,TRI8005,A,R1,Base,2of3,Internal,Tdur,l,c
2521_TRI8005_A_R1_3of3_Tdur_1x1_d_c,2521,Nikon,1x,1,TRI8005,A,R1,Base,3of3,External,Tdur,d,c
2522_TRI8005_A_R1_3of3_Tdur_1x1_l_c,2522,Nikon,1x,1,TRI8005,A,R1,Base,3of3,External,Tdur,l,c
2524_TRI8005_A_R9_1of2_Tdur_1x1_d_c,2524,Nikon,1x,1,TRI8005,A,R9,Mid,1of2,External,Tdur,d,c
2525_TRI8005_A_R9_1of2_Tdur_1x1_l_c,2525,Nikon,1x,1,TRI8005,A,R9,Mid,1of2,External,Tdur,l,c
2527_TRI8005_A_R9_2of2_Tdur_1x1_d_c,2527,Nikon,1x,1,TRI8005,A,R9,Mid,2of2,External,Tdur,d,c
2528_TRI8005_A_R9_2of2_Tdur_1x1_l_c,2528,Nikon,1x,1,TRI8005,A,R9,Mid,2of2,External,Tdur,l,c
2530_TRI8005_A_R10_2of3_Tdur_1x1_d_c,2530,Nikon,1x,1,TRI8005,A,R10,Mid,2of3,Internal,Tdur,d,c
2531_TRI8005_A_R10_2of3_Tdur_1x1_l_c,2531,Nikon,1x,1,TRI8005,A,R10,Mid,2of3,Internal,Tdur,l,c
2533_TRI8005_A_R17_2of2_Tdur_1x1_d_c,2533,Nikon,1x,1,TRI8005,A,R17,Top,2of2,External,Tdur,d,c
2534_TRI8005_A_R17_2of2_Tdur_1x1_l_c,2534,Nikon,1x,1,TRI8005,A,R17,Top,2of2,External,Tdur,l,c
2536_TRI8005_A_R18_1of2_Tdur_1x1_d_c,2536,Nikon,1x,1,TRI8005,A,R18,Top,1of2,External,Tdur,d,c
2537_TRI8005_A_R18_1of2_Tdur_1x1_l_c,2537,Nikon,1x,1,TRI8005,A,R18,Top,1of2,External,Tdur,l,c
2539_TRI8005_A_R18_2of2_Tdur_1x1_d_c,2539,Nikon,1x,1,TRI8005,A,R18,Top,2of2,External,Tdur,d,c
2540_TRI8005_A_R18_2of2_Tdur_1x1_l_c,2540,Nikon,1x,1,TRI8005,A,R18,Top,2of2,External,Tdur,l,c
2542_TRI8005_B_R1_1of2_Tdur_1x1_d_c,2542,Nikon,1x,1,TRI8005,B,R1,Base,1of2,External,Tdur,d,c
2543_TRI8005_B_R1_1of2_Tdur_1x1_l_c,2543,Nikon,1x,1,TRI8005,B,R1,Base,1of2,External,Tdur,l,c
2545_TRI8005_B_R1_2of2_Tdur_1x1_d_c,2545,Nikon,1x,1,TRI8005,B,R1,Base,2of2,External,Tdur,d,c
2546_TRI8005_B_R1_2of2_Tdur_1x1_l_c,2546,Nikon,1x,1,TRI8005,B,R1,Base,2of2,External,Tdur,l,c
2548_TRI8005_B_R2_1of2_Tdur_1x1_d_c,2548,Nikon,1x,1,TRI8005,B,R2,Base,1of2,External,Tdur,d,c
2549_TRI8005_B_R2_1of2_Tdur_1x1_l_c,2549,Nikon,1x,1,TRI8005,B,R2,Base,1of2,External,Tdur,l,c
2551_TRI8005_B_R7_1of3_Tdur_1x1_d_c,2551,Nikon,1x,1,TRI8005,B,R7,Mid,1of3,External,Tdur,d,c
2552_TRI8005_B_R7_1of3_Tdur_1x1_l_c,2552,Nikon,1x,1,TRI8005,B,R7,Mid,1of3,External,Tdur,l,c
2554_TRI8005_B_R7_2of3_Tdur_1x1_d_c,2554,Nikon,1x,1,TRI8005,B,R7,Mid,2of3,Internal,Tdur,d,c
2555_TRI8005_B_R7_2of3_Tdur_1x1_l_c,2555,Nikon,1x,1,TRI8005,B,R7,Mid,2of3,Internal,Tdur,l,c
2557_TRI8005_B_R7_3of3_Tdur_1x1_d_c,2557,Nikon,1x,1,TRI8005,B,R7,Mid,3of3,External,Tdur,d,c
2558_TRI8005_B_R7_3of3_Tdur_1x1_l_c,2558,Nikon,1x,1,TRI8005,B,R7,Mid,3of3,External,Tdur,l,c
2560_TRI8005_B_R14_1of2_Tdur_1x1_d_c,2560,Nikon,1x,1,TRI8005,B,R14,Top,1of2,External,Tdur,d,c
2561_TRI8005_B_R14_1of2_Tdur_1x1_l_c,2561,Nikon,1x,1,TRI8005,B,R14,Top,1of2,External,Tdur,l,c
2563_TRI8005_B_R14_2of2_Tdur_1x1_d_c,2563,Nikon,1x,1,TRI8005,B,R14,Top,2of2,External,Tdur,d,c
2564_TRI8005_B_R14_2of2_Tdur_1x1_l_c,2564,Nikon,1x,1,TRI8005,B,R14,Top,2of2,External,Tdur,l,c
2566_TRI8005_B_R15_1of1_Tdur_1x1_d_c,2566,Nikon,1x,1,TRI8005,B,R15,Top,1of1,Solo,Tdur,d,c
2567_TRI8005_B_R15_1of1_Tdur_1x1_l_c,2567,Nikon,1x,1,TRI8005,B,R15,Top,1of1,Solo,Tdur,l,c
2569_TRI8005_C_R1_1of2_Tdur_1x1_d_c,2569,Nikon,1x,1,TRI8005,C,R1,,1of2,External,Tdur,d,c
2570_TRI8005_C_R1_1of2_Tdur_1x1_l_c,2570,Nikon,1x,1,TRI8005,C,R1,,1of2,External,Tdur,l,c
2572_TRI8005_C_R1_2of2_Tdur_1x1_d_c,2572,Nikon,1x,1,TRI8005,C,R1,,2of2,External,Tdur,d,c
2573_TRI8005_C_R1_2of2_Tdur_1x1_l_c,2573,Nikon,1x,1,TRI8005,C,R1,,2of2,External,Tdur,l,c
2575_TRI8005_C_R2_2of3_Tdur_1x1_d_c,2575,Nikon,1x,1,TRI8005,C,R2,,2of3,Internal,Tdur,d,c
2576_TRI8005_C_R2_2of3_Tdur_1x1_l_c,2576,Nikon,1x,1,TRI8005,C,R2,,2of3,Internal,Tdur,l,c
2578_TRI8005_C_R8_1of3_Tdur_1x1_d_c,2578,Nikon,1x,1,TRI8005,C,R8,,1of3,External,Tdur,d,c
2579_TRI8005_C_R8_1of3_Tdur_1x1_l_c,2579,Nikon,1x,1,TRI8005,C,R8,,1of3,External,Tdur,l,c
2581_TRI8005_C_R8_2of3_Tdur_1x1_d_c,2581,Nikon,1x,1,TRI8005,C,R8,,2of3,Internal,Tdur,d,c
2582_TRI8005_C_R8_2of3_Tdur_1x1_l_c,2582,Nikon,1x,1,TRI8005,C,R8,,2of3,Internal,Tdur,l,c
2584_TRI8005_C_R8_3of3_Tdur_1x1_d_c,2584,Nikon,1x,1,TRI8005,C,R8,,3of3,External,Tdur,d,c
2585_TRI8005_C_R8_3of3_Tdur_1x1_l_c,2585,Nikon,1x,1,TRI8005,C,R8,,3of3,External,Tdur,l,c
2587_TRI8005_C_R15_1of2_Tdur_1x1_d_c,2587,Nikon,1x,1,TRI8005,C,R15,,1of2,External,Tdur,d,c
2588_TRI8005_C_R15_1of2_Tdur_1x1_l_c,2588,Nikon,1x,1,TRI8005,C,R15,,1of2,External,Tdur,l,c
2590_TRI8005_C_R15_2of2_Tdur_1x1_d_c,2590,Nikon,1x,1,TRI8005,C,R15,,2of2,External,Tdur,d,c
2591_TRI8005_C_R15_2of2_Tdur_1x1_l_c,2591,Nikon,1x,1,TRI8005,C,R15,,2of2,External,Tdur,l,c
2593_TRI8005_C_R16_1of1_Tdur_1x1_d_c,2593,Nikon,1x,1,TRI8005,C,R16,,1of1,Solo,Tdur,d,c
2594_TRI8005_C_R16_1of1_Tdur_1x1_l_c,2594,Nikon,1x,1,TRI8005,C,R16,,1of1,Solo,Tdur,l,c
2677_W1022_A_R1_1of4_Tturg_1x1_d_c,2677,Nikon,1x,1,W1022,A,R1,Base,1of4,External,Tturg,d,c
2678_W1022_A_R1_1of4_Tturg_1x1_l_c,2678,Nikon,1x,1,W1022,A,R1,Base,1of4,External,Tturg,l,c
2680_W1022_A_R1_2of4_Tturg_1x1_d_c,2680,Nikon,1x,1,W1022,A,R1,Base,2of4,Internal,Tturg,d,c
2681_W1022_A_R1_2of4_Tturg_1x1_l_c,2681,Nikon,1x,1,W1022,A,R1,Base,2of4,Internal,Tturg,l,c
2683_W1022_A_R1_3of4_Tturg_1x1_d_c,2683,Nikon,1x,1,W1022,A,R1,Base,3of4,Internal,Tturg,d,c
2684_W1022_A_R1_3of4_Tturg_1x1_l_c,2684,Nikon,1x,1,W1022,A,R1,Base,3of4,Internal,Tturg,l,c
2686_W1022_A_R11_1of4_Tturg_1x1_d_c,2686,Nikon,1x,1,W1022,A,R11,Mid,1of4,External,Tturg,d,c
2687_W1022_A_R11_1of4_Tturg_1x1_l_c,2687,Nikon,1x,1,W1022,A,R11,Mid,1of4,External,Tturg,l,c
2689_W1022_A_R11_2of4_Tturg_1x1_d_c,2689,Nikon,1x,1,W1022,A,R11,Mid,2of4,Internal,Tturg,d,c
2690_W1022_A_R11_2of4_Tturg_1x1_l_c,2690,Nikon,1x,1,W1022,A,R11,Mid,2of4,Internal,Tturg,l,c
2692_W1022_A_R11_3of4_Tturg_1x1_d_c,2692,Nikon,1x,1,W1022,A,R11,Mid,3of4,Internal,Tturg,d,c
2693_W1022_A_R11_3of4_Tturg_1x1_l_c,2693,Nikon,1x,1,W1022,A,R11,Mid,3of4,Internal,Tturg,l,c
2695_W1022_A_R18_3of3_Tturg_1x1_d_c,2695,Nikon,1x,1,W1022,A,R18,Top,3of3,External,Tturg,d,c
2696_W1022_A_R18_3of3_Tturg_1x1_l_c,2696,Nikon,1x,1,W1022,A,R18,Top,3of3,External,Tturg,l,c
2698_W1022_A_R19_1of2_Tturg_1x1_d_c,2698,Nikon,1x,1,W1022,A,R19,Top,1of2,External,Tturg,d,c
2699_W1022_A_R19_1of2_Tturg_1x1_l_c,2699,Nikon,1x,1,W1022,A,R19,Top,1of2,External,Tturg,l,c
2701_W1022_A_R19_2of2_Tturg_1x1_d_c,2701,Nikon,1x,1,W1022,A,R19,Top,2of2,External,Tturg,d,c
2702_W1022_A_R19_2of2_Tturg_1x1_l_c,2702,Nikon,1x,1,W1022,A,R19,Top,2of2,External,Tturg,l,c
2704_W1022_B_R1_2of4_Tturg_1x1_d_c,2704,Nikon,1x,1,W1022,B,R1,Base,2of4,Internal,Tturg,d,c
2705_W1022_B_R1_2of4_Tturg_1x1_l_c,2705,Nikon,1x,1,W1022,B,R1,Base,2of4,Internal,Tturg,l,c
2707_W1022_B_R1_3of4_Tturg_1x1_d_c,2707,Nikon,1x,1,W1022,B,R1,Base,3of4,Internal,Tturg,d,c
2708_W1022_B_R1_3of4_Tturg_1x1_l_c,2708,Nikon,1x,1,W1022,B,R1,Base,3of4,Internal,Tturg,l,c
2710_W1022_B_R1_4of4_Tturg_1x1_d_c,2710,Nikon,1x,1,W1022,B,R1,Base,4of4,External,Tturg,d,c
2711_W1022_B_R1_4of4_Tturg_1x1_l_c,2711,Nikon,1x,1,W1022,B,R1,Base,4of4,External,Tturg,l,c
2713_W1022_B_R12_1of3_Tturg_1x1_d_c,2713,Nikon,1x,1,W1022,B,R12,Mid,1of3,External,Tturg,d,c
2714_W1022_B_R12_1of3_Tturg_1x1_l_c,2714,Nikon,1x,1,W1022,B,R12,Mid,1of3,External,Tturg,l,c
2716_W1022_B_R12_2of3_Tturg_1x1_d_c,2716,Nikon,1x,1,W1022,B,R12,Mid,2of3,Internal,Tturg,d,c
2717_W1022_B_R12_2of3_Tturg_1x1_l_c,2717,Nikon,1x,1,W1022,B,R12,Mid,2of3,Internal,Tturg,l,c
2719_W1022_B_R12_3of3_Tturg_1x1_d_c,2719,Nikon,1x,1,W1022,B,R12,Mid,3of3,External,Tturg,d,c
2720_W1022_B_R12_3of3_Tturg_1x1_l_c,2720,Nikon,1x,1,W1022,B,R12,Mid,3of3,External,Tturg,l,c
2722_W1022_B_R23_1of2_Tturg_1x1_d_c,2722,Nikon,1x,1,W1022,B,R23,Top,1of2,External,Tturg,d,c
2723_W1022_B_R23_1of2_Tturg_1x1_l_c,2723,Nikon,1x,1,W1022,B,R23,Top,1of2,External,Tturg,l,c
2725_W1022_B_R24_1of2_Tturg_1x1_d_c,2725,Nikon,1x,1,W1022,B,R24,Top,1of2,External,Tturg,d,c
2726_W1022_B_R24_1of2_Tturg_1x1_l_c,2726,Nikon,1x,1,W1022,B,R24,Top,1of2,External,Tturg,l,c
2728_W1022_B_R24_2of2_Tturg_1x1_d_c,2728,Nikon,1x,1,W1022,B,R24,Top,2of2,External,Tturg,d,c
2729_W1022_B_R24_2of2_Tturg_1x1_l_c,2729,Nikon,1x,1,W1022,B,R24,Top,2of2,External,Tturg,l,c
2731_W1022_C_R1_2of3_Tturg_1x1_d_c,2731,Nikon,1x,1,W1022,C,R1,Base,2of3,Internal,Tturg,d,c
2732_W1022_C_R1_2of3_Tturg_1x1_l_c,2732,Nikon,1x,1,W1022,C,R1,Base,2of3,Internal,Tturg,l,c
2734_W1022_C_R1_3of3_Tturg_1x1_d_c,2734,Nikon,1x,1,W1022,C,R1,Base,3of3,External,Tturg,d,c
2735_W1022_C_R1_3of3_Tturg_1x1_l_c,2735,Nikon,1x,1,W1022,C,R1,Base,3of3,External,Tturg,l,c
2737_W1022_C_R2_1of4_Tturg_1x1_d_c,2737,Nikon,1x,1,W1022,C,R2,Base,1of4,External,Tturg,d,c
2738_W1022_C_R2_1of4_Tturg_1x1_l_c,2738,Nikon,1x,1,W1022,C,R2,Base,1of4,External,Tturg,l,c
2740_W1022_C_R12_3of5_Tturg_1x1_d_c,2740,Nikon,1x,1,W1022,C,R12,Mid,3of5,Internal,Tturg,d,c
2741_W1022_C_R12_3of5_Tturg_1x1_l_c,2741,Nikon,1x,1,W1022,C,R12,Mid,3of5,Internal,Tturg,l,c
2743_W1022_C_R12_4of5_Tturg_1x1_d_c,2743,Nikon,1x,1,W1022,C,R12,Mid,4of5,Internal,Tturg,d,c
2744_W1022_C_R12_4of5_Tturg_1x1_l_c,2744,Nikon,1x,1,W1022,C,R12,Mid,4of5,Internal,Tturg,l,c
2746_W1022_C_R12_5of5_Tturg_1x1_d_c,2746,Nikon,1x,1,W1022,C,R12,Mid,5of5,External,Tturg,d,c
2747_W1022_C_R12_5of5_Tturg_1x1_l_c,2747,Nikon,1x,1,W1022,C,R12,Mid,5of5,External,Tturg,l,c
2749_W1022_C_R20_3of3_Tturg_1x1_d_c,2749,Nikon,1x,1,W1022,C,R20,Top,3of3,External,Tturg,d,c
2750_W1022_C_R20_3of3_Tturg_1x1_l_c,2750,Nikon,1x,1,W1022,C,R20,Top,3of3,External,Tturg,l,c
2752_W1022_C_R21_1of1_Tturg_1x1_d_c,2752,Nikon,1x,1,W1022,C,R21,Top,1of1,Solo,Tturg,d,c
2753_W1022_C_R21_1of1_Tturg_1x1_l_c,2753,Nikon,1x,1,W1022,C,R21,Top,1of1,Solo,Tturg,l,c
2755_W1022_C_R22_1of1_Tturg_1x1_d_c,2755,Nikon,1x,1,W1022,C,R22,Top,1of1,Solo,Tturg,d,c
2756_W1022_C_R22_1of1_Tturg_1x1_l_c,2756,Nikon,1x,1,W1022,C,R22,Top,1of1,Solo,Tturg,l,c
3136_PI362637_A_R1_2of2_Tdur_1x1_d_c,3136,Nikon,1x,1,PI362637,A,R1,Base,2of2,External,Tdur,d,c
3137_PI362637_A_R1_2of2_Tdur_1x1_l_c,3137,Nikon,1x,1,PI362637,A,R1,Base,2of2,External,Tdur,l,c
3139_PI362637_A_R2_1of3_Tdur_1x1_d_c,3139,Nikon,1x,1,PI362637,A,R2,Base,1of3,External,Tdur,d,c
3140_PI362637_A_R2_1of3_Tdur_1x1_l_c,3140,Nikon,1x,1,PI362637,A,R2,Base,1of3,External,Tdur,l,c
3142_PI362637_A_R2_2of3_Tdur_1x1_d_c,3142,Nikon,1x,1,PI362637,A,R2,Base,2of3,Internal,Tdur,d,c
3143_PI362637_A_R2_2of3_Tdur_1x1_l_c,3143,Nikon,1x,1,PI362637,A,R2,Base,2of3,Internal,Tdur,l,c
3145_PI362637_A_R10_1of4_Tdur_1x1_d_c,3145,Nikon,1x,1,PI362637,A,R10,Mid,1of4,External,Tdur,d,c
3146_PI362637_A_R10_1of4_Tdur_1x1_l_c,3146,Nikon,1x,1,PI362637,A,R10,Mid,1of4,External,Tdur,l,c
3148_PI362637_A_R10_2of4_Tdur_1x1_d_c,3148,Nikon,1x,1,PI362637,A,R10,Mid,2of4,Internal,Tdur,d,c
3149_PI362637_A_R10_2of4_Tdur_1x1_l_c,3149,Nikon,1x,1,PI362637,A,R10,Mid,2of4,Internal,Tdur,l,c
3151_PI362637_A_R10_4of4_Tdur_1x1_d_c,3151,Nikon,1x,1,PI362637,A,R10,Mid,4of4,External,Tdur,d,c
3152_PI362637_A_R10_4of4_Tdur_1x1_l_c,3152,Nikon,1x,1,PI362637,A,R10,Mid,4of4,External,Tdur,l,c
3154_PI362637_A_R19_1of1_Tdur_1x1_d_c,3154,Nikon,1x,1,PI362637,A,R19,Top,1of1,Solo,Tdur,d,c
3155_PI362637_A_R19_1of1_Tdur_1x1_l_c,3155,Nikon,1x,1,PI362637,A,R19,Top,1of1,Solo,Tdur,l,c
3157_PI362637_A_R20_1of2_Tdur_1x1_d_c,3157,Nikon,1x,1,PI362637,A,R20,Top,1of2,External,Tdur,d,c
3158_PI362637_A_R20_1of2_Tdur_1x1_l_c,3158,Nikon,1x,1,PI362637,A,R20,Top,1of2,External,Tdur,l,c
3160_PI362637_A_R20_2of2_Tdur_1x1_d_c,3160,Nikon,1x,1,PI362637,A,R20,Top,2of2,External,Tdur,d,c
3161_PI362637_A_R20_2of2_Tdur_1x1_l_c,3161,Nikon,1x,1,PI362637,A,R20,Top,2of2,External,Tdur,l,c
3163_PI362637_B_R1_1of2_Tdur_1x1_d_c,3163,Nikon,1x,1,PI362637,B,R1,Base,1of2,External,Tdur,d,c
3164_PI362637_B_R1_1of2_Tdur_1x1_l_c,3164,Nikon,1x,1,PI362637,B,R1,Base,1of2,External,Tdur,l,c
3166_PI362637_B_R1_2of2_Tdur_1x1_d_c,3166,Nikon,1x,1,PI362637,B,R1,Base,2of2,External,Tdur,d,c
3167_PI362637_B_R1_2of2_Tdur_1x1_l_c,3167,Nikon,1x,1,PI362637,B,R1,Base,2of2,External,Tdur,l,c
3169_PI362637_B_R2_1of3_Tdur_1x1_d_c,3169,Nikon,1x,1,PI362637,B,R2,Base,1of3,External,Tdur,d,c
3170_PI362637_B_R2_1of3_Tdur_1x1_l_c,3170,Nikon,1x,1,PI362637,B,R2,Base,1of3,External,Tdur,l,c
3172_PI362637_B_R10_1of4_Tdur_1x1_d_c,3172,Nikon,1x,1,PI362637,B,R10,Mid,1of4,External,Tdur,d,d
3173_PI362637_B_R10_1of4_Tdur_1x1_l_c,3173,Nikon,1x,1,PI362637,B,R10,Mid,1of4,External,Tdur,l,c
3175_PI362637_B_R10_2of4_Tdur_1x1_d_c,3175,Nikon,1x,1,PI362637,B,R10,Mid,2of4,Internal,Tdur,d,c
3176_PI362637_B_R10_2of4_Tdur_1x1_l_c,3176,Nikon,1x,1,PI362637,B,R10,Mid,2of4,Internal,Tdur,l,c
3178_PI362637_B_R10_3of4_Tdur_1x1_d_c,3178,Nikon,1x,1,PI362637,B,R10,Mid,3of4,Internal,Tdur,d,c
3179_PI362637_B_R10_3of4_Tdur_1x1_l_c,3179,Nikon,1x,1,PI362637,B,R10,Mid,3of4,Internal,Tdur,l,c
3187_PI362637_B_R19_2of2_Tdur_1x1_d_c,3187,Nikon,1x,1,PI362637,B,R19,Top,2of2,External,Tdur,d,c
3188_PI362637_B_R19_2of2_Tdur_1x1_l_c,3188,Nikon,1x,1,PI362637,B,R19,Top,2of2,External,Tdur,l,c
3190_PI362637_C_R1_1of2_Tdur_1x1_d_c,3190,Nikon,1x,1,PI362637,C,R1,Base,1of2,External,Tdur,d,c
3191_PI362637_C_R1_1of2_Tdur_1x1_l_c,3191,Nikon,1x,1,PI362637,C,R1,Base,1of2,External,Tdur,l,c
3193_PI362637_C_R1_2of2_Tdur_1x1_d_c,3193,Nikon,1x,1,PI362637,C,R1,Base,2of2,External,Tdur,d,c
3194_PI362637_C_R1_2of2_Tdur_1x1_l_c,3194,Nikon,1x,1,PI362637,C,R1,Base,2of2,External,Tdur,l,c
3196_PI362637_C_R2_2of3_Tdur_1x1_d_c,3196,Nikon,1x,1,PI362637,C,R2,Base,2of3,Internal,Tdur,d,c
3197_PI362637_C_R2_2of3_Tdur_1x1_l_c,3197,Nikon,1x,1,PI362637,C,R2,Base,2of3,Internal,Tdur,l,c
3199_PI362637_C_R12_1of3_Tdur_1x1_d_c,3199,Nikon,1x,1,PI362637,C,R12,Mid,1of3,External,Tdur,d,c
3200_PI362637_C_R12_1of3_Tdur_1x1_l_c,3200,Nikon,1x,1,PI362637,C,R12,Mid,1of3,External,Tdur,l,c
3202_PI362637_C_R12_2of3_Tdur_1x1_d_c,3202,Nikon,1x,1,PI362637,C,R12,Mid,2of3,Internal,Tdur,d,c
3203_PI362637_C_R12_2of3_Tdur_1x1_l_c,3203,Nikon,1x,1,PI362637,C,R12,Mid,2of3,Internal,Tdur,l,c
3205_PI362637_C_R12_3of3_Tdur_1x1_d_c,3205,Nikon,1x,1,PI362637,C,R12,Mid,3of3,External,Tdur,d,c
3206_PI362637_C_R12_3of3_Tdur_1x1_l_c,3206,Nikon,1x,1,PI362637,C,R12,Mid,3of3,External,Tdur,l,c
3208_PI362637_C_R20_1of2_Tdur_1x1_d_c,3208,Nikon,1x,1,PI362637,C,R20,Top,1of2,External,Tdur,d,c
3209_PI362637_C_R20_1of2_Tdur_1x1_l_c,3209,Nikon,1x,1,PI362637,C,R20,Top,1of2,External,Tdur,l,c
3211_PI362637_C_R21_1of2_Tdur_1x1_d_c,3211,Nikon,1x,1,PI362637,C,R21,Top,1of2,External,Tdur,d,c
3212_PI362637_C_R21_1of2_Tdur_1x1_l_c,3212,Nikon,1x,1,PI362637,C,R21,Top,1of2,External,Tdur,l,c
3214_PI362637_C_R21_2of2_Tdur_1x1_d_c,3214,Nikon,1x,1,PI362637,C,R21,Top,2of2,External,Tdur,d,c
3215_PI362637_C_R21_2of2_Tdur_1x1_l_c,3215,Nikon,1x,1,PI362637,C,R21,Top,2of2,External,Tdur,l,c
3632_W0508_A_R1_1of2_Tturg_1x1_d_c,3632,Nikon,1x,1,W0508,A,R1,Base,1of2,External,Tturg,d,c
3633_W0508_A_R1_1of2_Tturg_1x1_l_c,3633,Nikon,1x,1,W0508,A,R1,Base,1of2,External,Tturg,l,c
3635_W0508_A_R1_2of2_Tturg_1x1_d_c,3635,Nikon,1x,1,W0508,A,R1,Base,2of2,External,Tturg,d,c
3636_W0508_A_R1_2of2_Tturg_1x1_l_c,3636,Nikon,1x,1,W0508,A,R1,Base,2of2,External,Tturg,l,c
3638_W0508_A_R2_1of2_Tturg_1x1_d_c,3638,Nikon,1x,1,W0508,A,R2,Base,1of2,External,Tturg,d,c
3639_W0508_A_R2_1of2_Tturg_1x1_l_c,3639,Nikon,1x,1,W0508,A,R2,Base,1of2,External,Tturg,l,c
3641_W0508_A_R12_1of3_Tturg_1x1_d_c,3641,Nikon,1x,1,W0508,A,R12,Mid,1of3,External,Tturg,d,
3642_W0508_A_R12_1of3_Tturg_1x1_l_c,3642,Nikon,1x,1,W0508,A,R12,Mid,1of3,External,Tturg,l,
3644_W0508_A_R12_2of3_Tturg_1x1_d_c,3644,Nikon,1x,1,W0508,A,R12,Mid,2of3,Internal,Tturg,d,
3645_W0508_A_R12_2of3_Tturg_1x1_l_c,3645,Nikon,1x,1,W0508,A,R12,Mid,2of3,Internal,Tturg,l,
3647_W0508_A_R12_3of3_Tturg_1x1_d_c,3647,Nikon,1x,1,W0508,A,R12,Mid,3of3,External,Tturg,d,
3648_W0508_A_R12_3of3_Tturg_1x1_l_c,3648,Nikon,1x,1,W0508,A,R12,Mid,3of3,External,Tturg,l,
3650_W0508_A_R23_1of2_Tturg_1x1_d_c,3650,Nikon,1x,1,W0508,A,R23,Top,1of2,External,Tturg,d,
3651_W0508_A_R23_1of2_Tturg_1x1_l_c,3651,Nikon,1x,1,W0508,A,R23,Top,1of2,External,Tturg,l,
3653_W0508_A_R24_1of2_Tturg_1x1_d_c,3653,Nikon,1x,1,W0508,A,R24,Top,1of2,External,Tturg,d,
3654_W0508_A_R24_1of2_Tturg_1x1_l_c,3654,Nikon,1x,1,W0508,A,R24,Top,1of2,External,Tturg,l,
3656_W0508_A_R24_2of2_Tturg_1x1_d_c,3656,Nikon,1x,1,W0508,A,R24,Top,2of2,External,Tturg,d,
3657_W0508_A_R24_2of2_Tturg_1x1_l_c,3657,Nikon,1x,1,W0508,A,R24,Top,2of2,External,Tturg,l,
3659_W0508_B_R1_1of3_Tturg_1x1_d_c,3659,Nikon,1x,1,W0508,B,R1,Base,1of3,External,Tturg,d,
3660_W0508_B_R1_1of3_Tturg_1x1_l_c,3660,Nikon,1x,1,W0508,B,R1,Base,1of3,External,Tturg,l,
3662_W0508_B_R1_2of3_Tturg_1x1_d_c,3662,Nikon,1x,1,W0508,B,R1,Base,2of3,Internal,Tturg,d,
3663_W0508_B_R1_2of3_Tturg_1x1_l_c,3663,Nikon,1x,1,W0508,B,R1,Base,2of3,Internal,Tturg,l,
3665_W0508_B_R1_3of3_Tturg_1x1_d_c,3665,Nikon,1x,1,W0508,B,R1,Base,3of3,External,Tturg,d,
3666_W0508_B_R1_3of3_Tturg_1x1_l_c,3666,Nikon,1x,1,W0508,B,R1,Base,3of3,External,Tturg,l,
3668_W0508_B_R12_1of3_Tturg_1x1_d_c,3668,Nikon,1x,1,W0508,B,R12,Mid,1of3,External,Tturg,d,
3669_W0508_B_R12_1of3_Tturg_1x1_l_c,3669,Nikon,1x,1,W0508,B,R12,Mid,1of3,External,Tturg,l,
3671_W0508_B_R12_2of3_Tturg_1x1_d_c,3671,Nikon,1x,1,W0508,B,R12,Mid,2of3,Internal,Tturg,d,
3672_W0508_B_R12_2of3_Tturg_1x1_l_c,3672,Nikon,1x,1,W0508,B,R12,Mid,2of3,Internal,Tturg,l,
3674_W0508_B_R12_3of3_Tturg_1x1_d_c,3674,Nikon,1x,1,W0508,B,R12,Mid,3of3,External,Tturg,d,
3675_W0508_B_R12_3of3_Tturg_1x1_l_c,3675,Nikon,1x,1,W0508,B,R12,Mid,3of3,External,Tturg,l,
3677_W0508_B_R22_1of2_Tturg_1x1_d_c,3677,Nikon,1x,1,W0508,B,R22,Top,1of2,External,Tturg,d,
3678_W0508_B_R22_1of2_Tturg_1x1_l_c,3678,Nikon,1x,1,W0508,B,R22,Top,1of2,External,Tturg,l,
3680_W0508_B_R22_2of2_Tturg_1x1_d_c,3680,Nikon,1x,1,W0508,B,R22,Top,2of2,External,Tturg,d,
3681_W0508_B_R22_2of2_Tturg_1x1_l_c,3681,Nikon,1x,1,W0508,B,R22,Top,2of2,External,Tturg,l,
3683_W0508_B_R23_1of1_Tturg_1x1_d_c,3683,Nikon,1x,1,W0508,B,R23,Top,1of1,Solo,Tturg,d,
3684_W0508_B_R23_1of1_Tturg_1x1_l_c,3684,Nikon,1x,1,W0508,B,R23,Top,1of1,Solo,Tturg,l,
3686_W0508_C_R1_1of3_Tturg_1x1_d_c,3686,Nikon,1x,1,W0508,C,R1,Base,1of3,External,Tturg,d,
3687_W0508_C_R1_1of3_Tturg_1x1_l_c,3687,Nikon,1x,1,W0508,C,R1,Base,1of3,External,Tturg,l,
3689_W0508_C_R1_2of3_Tturg_1x1_d_c,3689,Nikon,1x,1,W0508,C,R1,Base,2of3,Internal,Tturg,d,
3690_W0508_C_R1_2of3_Tturg_1x1_l_c,3690,Nikon,1x,1,W0508,C,R1,Base,2of3,Internal,Tturg,l,
3692_W0508_C_R1_3of3_Tturg_1x1_d_c,3692,Nikon,1x,1,W0508,C,R1,Base,3of3,External,Tturg,d,
3693_W0508_C_R1_3of3_Tturg_1x1_l_c,3693,Nikon,1x,1,W0508,C,R1,Base,3of3,External,Tturg,l,
3695_W0508_C_R14_1of3_Tturg_1x1_d_c,3695,Nikon,1x,1,W0508,C,R14,Mid,1of3,External,Tturg,d,
3696_W0508_C_R14_1of3_Tturg_1x1_l_c,3696,Nikon,1x,1,W0508,C,R14,Mid,1of3,External,Tturg,l,
3698_W0508_C_R14_2of3_Tturg_1x1_d_d,3698,Nikon,1x,1,W0508,C,R14,Mid,2of3,Internal,Tturg,d,
3699_W0508_C_R14_2of3_Tturg_1x1_l_c,3699,Nikon,1x,1,W0508,C,R14,Mid,2of3,Internal,Tturg,l,
3701_W0508_C_R14_3of3_Tturg_1x1_d_c,3701,Nikon,1x,1,W0508,C,R14,Mid,3of3,External,Tturg,d,
3702_W0508_C_R14_3of3_Tturg_1x1_l_c,3702,Nikon,1x,1,W0508,C,R14,Mid,3of3,External,Tturg,l,
3704_W0508_C_R26_1of2_Tturg_1x1_d_c,3704,Nikon,1x,1,W0508,C,R26,Top,1of2,External,Tturg,d,
3705_W0508_C_R26_1of2_Tturg_1x1_l_c,3705,Nikon,1x,1,W0508,C,R26,Top,1of2,External,Tturg,l,
3707_W0508_C_R26_2of2_Tturg_1x1_d_c,3707,Nikon,1x,1,W0508,C,R26,Top,2of2,External,Tturg,d,
3708_W0508_C_R26_2of2_Tturg_1x1_l_c,3708,Nikon,1x,1,W0508,C,R26,Top,2of2,External,Tturg,l,
3710_W0508_C_R27_1of2_Tturg_1x1_d_c,3710,Nikon,1x,1,W0508,C,R27,Top,1of2,External,Tturg,d,
3711_W0508_C_R27_1of2_Tturg_1x1_l_c,3711,Nikon,1x,1,W0508,C,R27,Top,1of2,External,Tturg,l,
3713_PI362637_B_R18_1of3_Tdur_1x1_d_c,3713,Nikon,1x,1,PI362637,B,R18,Top,1of3,External,Tdur,d,c
3714_PI362637_B_R18_1of3_Tdur_1x1_l_c,3714,Nikon,1x,1,PI362637,B,R18,Top,1of3,External,Tdur,l,c
3716_PI362637_B_R18_3of3_Tdur_1x1_d_c,3716,Nikon,1x,1,PI362637,B,R18,Top,3of3,External,Tdur,d,c
3717_PI362637_B_R18_3of3_Tdur_1x1_l_c,3717,Nikon,1x,1,PI362637,B,R18,Top,3of3,External,Tdur,l,c
3881_T1200012_A_R1_1of2_Tcom_1x1_d_c,3881,Nikon,1x,1,T1200012,A,R1,Base,1of2,External,Tcom,d,c
3882_T1200012_A_R1_1of2_Tcom_1x1_l_c,3882,Nikon,1x,1,T1200012,A,R1,Base,1of2,External,Tcom,l,c
3884_T1200012_A_R1_2of2_Tcom_1x1_d_c,3884,Nikon,1x,1,T1200012,A,R1,Base,2of2,External,Tcom,d,c
3885_T1200012_A_R1_2of2_Tcom_1x1_l_c,3885,Nikon,1x,1,T1200012,A,R1,Base,2of2,External,Tcom,l,c
3887_T1200012_A_R2_2of3_Tcom_1x1_d_c,3887,Nikon,1x,1,T1200012,A,R2,Base,2of3,Internal,Tcom,d,c
3888_T1200012_A_R2_2of3_Tcom_1x1_l_c,3888,Nikon,1x,1,T1200012,A,R2,Base,2of3,Internal,Tcom,l,c
3890_T1200012_A_R8_1of3_Tcom_1x1_d_c,3890,Nikon,1x,1,T1200012,A,R8,Mid,1of3,External,Tcom,d,c
3891_T1200012_A_R8_1of3_Tcom_1x1_l_c,3891,Nikon,1x,1,T1200012,A,R8,Mid,1of3,External,Tcom,l,c
3893_T1200012_A_R8_2of3_Tcom_1x1_d_c,3893,Nikon,1x,1,T1200012,A,R8,Mid,2of3,Internal,Tcom,d,c
3894_T1200012_A_R8_2of3_Tcom_1x1_l_c,3894,Nikon,1x,1,T1200012,A,R8,Mid,2of3,Internal,Tcom,l,c
3896_T1200012_A_R8_3of3_Tcom_1x1_d_c,3896,Nikon,1x,1,T1200012,A,R8,Mid,3of3,External,Tcom,d,c
3897_T1200012_A_R8_3of3_Tcom_1x1_l_c,3897,Nikon,1x,1,T1200012,A,R8,Mid,3of3,External,Tcom,l,c
3899_T1200012_A_R14_2of2_Tcom_1x1_d_c,3899,Nikon,1x,1,T1200012,A,R14,Top,2of2,External,Tcom,d,c
3900_T1200012_A_R14_2of2_Tcom_1x1_l_c,3900,Nikon,1x,1,T1200012,A,R14,Top,2of2,External,Tcom,l,c
3902_T1200012_A_R15_1of1_Tcom_1x1_d_c,3902,Nikon,1x,1,T1200012,A,R15,Top,1of1,Solo,Tcom,d,c
3903_T1200012_A_R15_1of1_Tcom_1x1_l_c,3903,Nikon,1x,1,T1200012,A,R15,Top,1of1,Solo,Tcom,l,c
3905_T1200012_A_R16_1of1_Tcom_1x1_d_c,3905,Nikon,1x,1,T1200012,A,R16,Top,1of1,Solo,Tcom,d,c
3906_T1200012_A_R16_1of1_Tcom_1x1_l_c,3906,Nikon,1x,1,T1200012,A,R16,Top,1of1,Solo,Tcom,l,c
3908_T1200012_B_R1_1of2_Tcom_1x1_d_c,3908,Nikon,1x,1,T1200012,B,R1,Base,1of2,External,Tcom,d,c
3909_T1200012_B_R1_1of2_Tcom_1x1_l_c,3909,Nikon,1x,1,T1200012,B,R1,Base,1of2,External,Tcom,l,c
3911_T1200012_B_R1_2of2_Tcom_1x1_d_c,3911,Nikon,1x,1,T1200012,B,R1,Base,2of2,External,Tcom,d,c
3912_T1200012_B_R1_2of2_Tcom_1x1_l_c,3912,Nikon,1x,1,T1200012,B,R1,Base,2of2,External,Tcom,l,c
3914_T1200012_B_R2_1of1_Tcom_1x1_d_c,3914,Nikon,1x,1,T1200012,B,R2,Base,1of1,Solo,Tcom,d,c
3915_T1200012_B_R2_1of1_Tcom_1x1_l_c,3915,Nikon,1x,1,T1200012,B,R2,Base,1of1,Solo,Tcom,l,c
3917_T1200012_B_R8_1of3_Tcom_1x1_d_c,3917,Nikon,1x,1,T1200012,B,R8,Mid,1of3,External,Tcom,d,c
3918_T1200012_B_R8_1of3_Tcom_1x1_l_c,3918,Nikon,1x,1,T1200012,B,R8,Mid,1of3,External,Tcom,l,c
3920_T1200012_B_R8_2of3_Tcom_1x1_d_c,3920,Nikon,1x,1,T1200012,B,R8,Mid,2of3,Internal,Tcom,d,c
3921_T1200012_B_R8_2of3_Tcom_1x1_l_c,3921,Nikon,1x,1,T1200012,B,R8,Mid,2of3,Internal,Tcom,l,c
3923_T1200012_B_R8_3of3_Tcom_1x1_d_c,3923,Nikon,1x,1,T1200012,B,R8,Mid,3of3,External,Tcom,d,c
3924_T1200012_B_R8_3of3_Tcom_1x1_l_c,3924,Nikon,1x,1,T1200012,B,R8,Mid,3of3,External,Tcom,l,c
3926_T1200012_B_R14_1of1_Tcom_1x1_d_c,3926,Nikon,1x,1,T1200012,B,R14,Top,1of1,Solo,Tcom,d,c
3927_T1200012_B_R14_1of1_Tcom_1x1_l_c,3927,Nikon,1x,1,T1200012,B,R14,Top,1of1,Solo,Tcom,l,c
3929_T1200012_B_R15_1of1_Tcom_1x1_d_c,3929,Nikon,1x,1,T1200012,B,R15,Top,1of1,Solo,Tcom,d,c
3930_T1200012_B_R15_1of1_Tcom_1x1_l_c,3930,Nikon,1x,1,T1200012,B,R15,Top,1of1,Solo,Tcom,l,c
3932_T1200012_B_R16_1of1_Tcom_1x1_d_c,3932,Nikon,1x,1,T1200012,B,R16,Top,1of1,Solo,Tcom,d,c
3933_T1200012_B_R16_1of1_Tcom_1x1_l_c,3933,Nikon,1x,1,T1200012,B,R16,Top,1of1,Solo,Tcom,l,c
3935_T1200012_C_R1_1of2_Tcom_1x1_d_c,3935,Nikon,1x,1,T1200012,C,R1,Base,1of2,External,Tcom,d,c
3936_T1200012_C_R1_1of2_Tcom_1x1_l_c,3936,Nikon,1x,1,T1200012,C,R1,Base,1of2,External,Tcom,l,c
3938_T1200012_C_R1_2of2_Tcom_1x1_d_c,3938,Nikon,1x,1,T1200012,C,R1,Base,2of2,External,Tcom,d,c
3939_T1200012_C_R1_2of2_Tcom_1x1_l_c,3939,Nikon,1x,1,T1200012,C,R1,Base,2of2,External,Tcom,l,c
3941_T1200012_C_R2_1of2_Tcom_1x1_d_c,3941,Nikon,1x,1,T1200012,C,R2,Base,1of2,External,Tcom,d,c
3942_T1200012_C_R2_1of2_Tcom_1x1_l_c,3942,Nikon,1x,1,T1200012,C,R2,Base,1of2,External,Tcom,l,c
3944_T1200012_C_R6_1of2_Tcom_1x1_d_c,3944,Nikon,1x,1,T1200012,C,R6,Mid,1of2,External,Tcom,d,c
3945_T1200012_C_R6_1of2_Tcom_1x1_l_c,3945,Nikon,1x,1,T1200012,C,R6,Mid,1of2,External,Tcom,l,c
3947_T1200012_C_R6_2of2_Tcom_1x1_d_c,3947,Nikon,1x,1,T1200012,C,R6,Mid,2of2,External,Tcom,d,c
3948_T1200012_C_R6_2of2_Tcom_1x1_l_c,3948,Nikon,1x,1,T1200012,C,R6,Mid,2of2,External,Tcom,l,c
3950_T1200012_C_R7_2of2_Tcom_1x1_d_c,3950,Nikon,1x,1,T1200012,C,R7,Mid,2of2,External,Tcom,d,c
3951_T1200012_C_R7_2of2_Tcom_1x1_l_c,3951,Nikon,1x,1,T1200012,C,R7,Mid,2of2,External,Tcom,l,c
3953_T1200012_C_R9_2of2_Tcom_1x1_d_c,3953,Nikon,1x,1,T1200012,C,R9,Top,2of2,External,Tcom,d,c
3954_T1200012_C_R9_2of2_Tcom_1x1_l_c,3954,Nikon,1x,1,T1200012,C,R9,Top,2of2,External,Tcom,l,c
3956_T1200012_C_R11_1of1_Tcom_1x1_d_c,3956,Nikon,1x,1,T1200012,C,R11,Top,1of1,Solo,Tcom,d,c
3957_T1200012_C_R11_1of1_Tcom_1x1_l_c,3957,Nikon,1x,1,T1200012,C,R11,Top,1of1,Solo,Tcom,l,c
3959_T1200012_C_R12_1of1_Tcom_1x1_d_c,3959,Nikon,1x,1,T1200012,C,R12,Top,1of1,Solo,Tcom,d,c
3960_T1200012_C_R12_1of1_Tcom_1x1_l_c,3960,Nikon,1x,1,T1200012,C,R12,Top,1of1,Solo,Tcom,l,c
3962_T1200010_A_R1_1of1_Tcom_1x1_d_c,3962,Nikon,1x,1,T1200010,A,R1,Base,1of1,Solo,Tcom,d,c
3963_T1200010_A_R1_1of1_Tcom_1x1_l_c,3963,Nikon,1x,1,T1200010,A,R1,Base,1of1,Solo,Tcom,l,c
3965_T1200010_A_R2_2of3_Tcom_1x1_d_c,3965,Nikon,1x,1,T1200010,A,R2,Base,2of3,Internal,Tcom,d,c
3966_T1200010_A_R2_2of3_Tcom_1x1_l_c,3966,Nikon,1x,1,T1200010,A,R2,Base,2of3,Internal,Tcom,l,c
3968_T1200010_A_R2_3of3_Tcom_1x1_d_c,3968,Nikon,1x,1,T1200010,A,R2,Base,3of3,External,Tcom,d,c
3969_T1200010_A_R2_3of3_Tcom_1x1_l_c,3969,Nikon,1x,1,T1200010,A,R2,Base,3of3,External,Tcom,l,c
3971_T1200010_A_R12_1of4_Tcom_1x1_d_c,3971,Nikon,1x,1,T1200010,A,R12,Mid,1of4,External,Tcom,d,c
3972_T1200010_A_R12_1of4_Tcom_1x1_l_c,3972,Nikon,1x,1,T1200010,A,R12,Mid,1of4,External,Tcom,l,c
3974_T1200010_A_R12_2of4_Tcom_1x1_d_c,3974,Nikon,1x,1,T1200010,A,R12,Mid,2of4,Internal,Tcom,d,c
3975_T1200010_A_R12_2of4_Tcom_1x1_l_c,3975,Nikon,1x,1,T1200010,A,R12,Mid,2of4,Internal,Tcom,l,c
3977_T1200010_A_R12_4of4_Tcom_1x1_d_c,3977,Nikon,1x,1,T1200010,A,R12,Mid,4of4,External,Tcom,d,c
3978_T1200010_A_R12_4of4_Tcom_1x1_l_c,3978,Nikon,1x,1,T1200010,A,R12,Mid,4of4,External,Tcom,l,c
3980_T1200010_A_R22_1of2_Tcom_1x1_d_c,3980,Nikon,1x,1,T1200010,A,R22,Top,1of2,External,Tcom,d,c
3981_T1200010_A_R22_1of2_Tcom_1x1_l_c,3981,Nikon,1x,1,T1200010,A,R22,Top,1of2,External,Tcom,l,c
3983_T1200010_A_R23_1of2_Tcom_1x1_d_c,3983,Nikon,1x,1,T1200010,A,R23,Top,1of2,External,Tcom,d,c
3984_T1200010_A_R23_1of2_Tcom_1x1_l_c,3984,Nikon,1x,1,T1200010,A,R23,Top,1of2,External,Tcom,l,c
3986_T1200010_A_R23_2of2_Tcom_1x1_d_c,3986,Nikon,1x,1,T1200010,A,R23,Top,2of2,External,Tcom,d,c
3987_T1200010_A_R23_2of2_Tcom_1x1_l_c,3987,Nikon,1x,1,T1200010,A,R23,Top,2of2,External,Tcom,l,c
3989_T1200010_B_R1_1of2_Tcom_1x1_d_c,3989,Nikon,1x,1,T1200010,B,R1,Base,1of2,External,Tcom,d,c
3990_T1200010_B_R1_1of2_Tcom_1x1_l_c,3990,Nikon,1x,1,T1200010,B,R1,Base,1of2,External,Tcom,l,c
3992_T1200010_B_R1_2of2_Tcom_1x1_d_c,3992,Nikon,1x,1,T1200010,B,R1,Base,2of2,External,Tcom,d,c
3993_T1200010_B_R1_2of2_Tcom_1x1_l_c,3993,Nikon,1x,1,T1200010,B,R1,Base,2of2,External,Tcom,l,c
3995_T1200010_B_R2_1of2_Tcom_1x1_d_c,3995,Nikon,1x,1,T1200010,B,R2,Base,1of2,External,Tcom,d,c
3996_T1200010_B_R2_1of2_Tcom_1x1_l_c,3996,Nikon,1x,1,T1200010,B,R2,Base,1of2,External,Tcom,l,c
3998_T1200010_B_R11_1of4_Tcom_1x1_d_c,3998,Nikon,1x,1,T1200010,B,R11,Mid,1of4,External,Tcom,d,c
3999_T1200010_B_R11_1of4_Tcom_1x1_l_c,3999,Nikon,1x,1,T1200010,B,R11,Mid,1of4,External,Tcom,l,c
4001_T1200010_B_R11_2of4_Tcom_1x1_d_c,4001,Nikon,1x,1,T1200010,B,R11,Mid,2of4,Internal,Tcom,d,c
4002_T1200010_B_R11_2of4_Tcom_1x1_l_c,4002,Nikon,1x,1,T1200010,B,R11,Mid,2of4,Internal,Tcom,l,c
4004_T1200010_B_R11_4of4_Tcom_1x1_d_c,4004,Nikon,1x,1,T1200010,B,R11,Mid,4of4,External,Tcom,d,c
4005_T1200010_B_R11_4of4_Tcom_1x1_l_c,4005,Nikon,1x,1,T1200010,B,R11,Mid,4of4,External,Tcom,l,c
4007_T1200010_B_R21_1of2_Tcom_1x1_d_c,4007,Nikon,1x,1,T1200010,B,R21,Top,1of2,External,Tcom,d,c
4008_T1200010_B_R21_1of2_Tcom_1x1_l_c,4008,Nikon,1x,1,T1200010,B,R21,Top,1of2,External,Tcom,l,c
4010_T1200010_B_R21_2of2_Tcom_1x1_d_c,4010,Nikon,1x,1,T1200010,B,R21,Top,2of2,External,Tcom,d,c
4011_T1200010_B_R21_2of2_Tcom_1x1_l_c,4011,Nikon,1x,1,T1200010,B,R21,Top,2of2,External,Tcom,l,c
4013_T1200010_B_R22_1of1_Tcom_1x1_d_c,4013,Nikon,1x,1,T1200010,B,R22,Top,1of1,Solo,Tcom,d,c
4014_T1200010_B_R22_1of1_Tcom_1x1_l_c,4014,Nikon,1x,1,T1200010,B,R22,Top,1of1,Solo,Tcom,l,c
4016_T1200010_C_R1_1of2_Tcom_1x1_d_c,4016,Nikon,1x,1,T1200010,C,R1,Base,1of2,External,Tcom,d,c
4017_T1200010_C_R1_1of2_Tcom_1x1_l_c,4017,Nikon,1x,1,T1200010,C,R1,Base,1of2,External,Tcom,l,c
4019_T1200010_C_R1_2of2_Tcom_1x1_d_c,4019,Nikon,1x,1,T1200010,C,R1,Base,2of2,External,Tcom,d,c
4020_T1200010_C_R1_2of2_Tcom_1x1_l_c,4020,Nikon,1x,1,T1200010,C,R1,Base,2of2,External,Tcom,l,c
4022_T1200010_C_R2_1of3_Tcom_1x1_d_c,4022,Nikon,1x,1,T1200010,C,R2,Base,1of3,External,Tcom,d,c
4023_T1200010_C_R2_1of3_Tcom_1x1_l_c,4023,Nikon,1x,1,T1200010,C,R2,Base,1of3,External,Tcom,l,c
4025_T1200010_C_R12_1of3_Tcom_1x1_d_c,4025,Nikon,1x,1,T1200010,C,R12,Mid,1of3,External,Tcom,d,c
4026_T1200010_C_R12_1of3_Tcom_1x1_l_c,4026,Nikon,1x,1,T1200010,C,R12,Mid,1of3,External,Tcom,l,c
4028_T1200010_C_R12_2of3_Tcom_1x1_d_c,4028,Nikon,1x,1,T1200010,C,R12,Mid,2of3,Internal,Tcom,d,c
4029_T1200010_C_R12_2of3_Tcom_1x1_l_c,4029,Nikon,1x,1,T1200010,C,R12,Mid,2of3,Internal,Tcom,l,c
4031_T1200010_C_R12_3of3_Tcom_1x1_d_c,4031,Nikon,1x,1,T1200010,C,R12,Mid,3of3,External,Tcom,d,c
4032_T1200010_C_R12_3of3_Tcom_1x1_l_c,4032,Nikon,1x,1,T1200010,C,R12,Mid,3of3,External,Tcom,l,c
4034_T1200010_C_R20_1of2_Tcom_1x1_d_c,4034,Nikon,1x,1,T1200010,C,R20,Top,1of2,External,Tcom,d,c
4035_T1200010_C_R20_1of2_Tcom_1x1_l_c,4035,Nikon,1x,1,T1200010,C,R20,Top,1of2,External,Tcom,l,c
4037_T1200010_C_R21_1of2_Tcom_1x1_d_c,4037,Nikon,1x,1,T1200010,C,R21,Top,1of2,External,Tcom,d,c
4038_T1200010_C_R21_1of2_Tcom_1x1_l_c,4038,Nikon,1x,1,T1200010,C,R21,Top,1of2,External,Tcom,l,c
4040_T1200010_C_R21_2of2_Tcom_1x1_d_c,4040,Nikon,1x,1,T1200010,C,R21,Top,2of2,External,Tcom,d,c
4041_T1200010_C_R21_2of2_Tcom_1x1_l_c,4041,Nikon,1x,1,T1200010,C,R21,Top,2of2,External,Tcom,l,c
